START,TXNR,TXEND,CRDALD,TXMNU-TXSEL,PINENT-PINEND,CRDVAL,CRDTYP,CTYP,EMVPOS,TXTYP,TXID,AMTSEL,AMTQCK,CSHDPG,CRDSHW,CRDTKN,CSHDPD,CSHDPD_NOTES,CSHOUT,CSHSHW,CSHTKN,STATE,DPL_ENCC,DPL_RETCC,LPL_GCCI,EPL_CHKEMV,EPL_CHKEMV_ICC_CMD_0,EPL_CHKEMV_ICC_CMD_1,EPL_CHKEMV_ICC_CMD_2,EPL_ITX,EPL_IAPP,EPL_CAUT,EPL_GASEL,EPL_GAUTD,EPL_GCNFD,ERROR TYPE,TX ACTION,VISIT_TMSTMP,TS_START_CUSTOMER_VISIT,TS_END_CUSTOMER_VISIT,TS_READ_CARD,TS_RETURN_CARD_0,TS_RETURN_CARD_1,TS_PRESENT_CASH,TS_DISPENSE_CASH,TS_ACCEPT_PIN_0,TS_OPEN_CLOSE_INDICATOR
1659796500.0,0,1659796442.0,1640.0,588.0,4525.0,C23_,0,DOMESTIC,WAHR,WITHDRAWAL_NATIONAL,CashOutEmv,9133.0,9856.0,5064.0,4788.0,0,19580.0,1.0,18597.0,22547.0,20601.0,OK,137.0,1.0,362.0,192.0,35.0,33.0,58.0,0.0,188.0,234.0,0.0,1.0,1.0,0,CUSTOMER_SELECTING_TRANSACTION,1659796034.0,3.0,14.0,0,870.0,16.0,635.0,933.0,906.0,108.0
1659796500.0,1,1659796500.0,1457.0,616.0,5749.0,C23_,0,0,0,0,CashOutEmv,5741.0,9492.0,1604.0,10949.0,1,4566.0,0.0,17787.0,3487.0,6370.0,CNCL,224.0,0.0,257.0,321.0,131.0,121.0,66.0,2.0,126.0,182.0,1.0,0.0,2.0,CUSTOMER_CANCEL,CUSTOMER_SELECTING_TRANSACTION,1659796500.0,10.0,6.0,1,716.0,24.0,694.0,463.0,962.0,89.0
1659796187.0,2,1659796298.0,3125.0,178.0,2677.0,C23_,0,0,WAHR,0,0,10362.0,7533.0,17775.0,12986.0,2,17647.0,0.0,24769.0,3890.0,14543.0,CNCL,655.0,0.0,492.0,275.0,15.0,118.0,24.0,2.0,229.0,180.0,1.0,4.0,1.0,CONTACTLESS_COMMUNICATION_ERROR,KIXCLC_READING_AND_CHECKING_CHIP_INFORMATION,1659796500.0,14.0,14.0,2,52.0,6.0,710.0,509.0,853.0,88.0
1659796099.0,3,1659796500.0,3292.0,315.0,5945.0,C23_,0,DOMESTIC,0,WITHDRAWAL_NATIONAL,0,1798.0,7458.0,19596.0,3188.0,3,23575.0,0.0,23919.0,3920.0,18096.0,CNCL,421.0,0.0,458.0,180.0,24.0,19.0,69.0,16.0,154.0,20.0,0.0,4.0,0.0,CONTACTLESS_COMMUNICATION_ERROR,KIXCLC_READING_AND_CHECKING_CHIP_INFORMATION,1659796500.0,15.0,3.0,3,49.0,24.0,103.0,9.0,835.0,123.0
1659796236.0,4,1659796486.0,2727.0,1037.0,4267.0,0,0,DOMESTIC,WAHR,WITHDRAWAL_NATIONAL,CashOutEmv,9297.0,12082.0,7739.0,6649.0,4,17326.0,0.0,2447.0,13768.0,14091.0,CNCL,665.0,0.0,395.0,215.0,24.0,36.0,72.0,16.0,533.0,30.0,1.0,1.0,2.0,CONTACTLESS_COMMUNICATION_ERROR,CUSTOMER_ENTERING_PIN,1659796479.0,8.0,7.0,4,787.0,9.0,69.0,774.0,255.0,125.0
1659796500.0,5,1659796304.0,1223.0,1142.0,941.0,___N,0,0,WAHR,0,CashOutEmv,605.0,9630.0,2547.0,4990.0,5,12653.0,1.0,8688.0,18037.0,3027.0,CNCL,239.0,1.0,119.0,280.0,58.0,122.0,50.0,4.0,259.0,162.0,1.0,1.0,1.0,0,WAITING_FOR_CARD,1659796206.0,15.0,1.0,5,318.0,25.0,704.0,599.0,257.0,73.0
1659796383.0,6,1659795995.0,306.0,599.0,5225.0,C23_,0,0,WAHR,WITHDRAWAL_NATIONAL,0,7151.0,8912.0,18363.0,13299.0,6,4889.0,0.0,24735.0,8030.0,23997.0,CNCL,668.0,0.0,4.0,232.0,88.0,63.0,26.0,0.0,241.0,77.0,1.0,4.0,2.0,CONTACTLESS_COMMUNICATION_ERROR,KIXCLC_READING_AND_CHECKING_CHIP_INFORMATION,1659796500.0,8.0,8.0,6,593.0,10.0,377.0,467.0,920.0,129.0
1659796500.0,7,1659796005.0,852.0,781.0,2450.0,C23_,0,0,WAHR,0,0,11090.0,15243.0,4469.0,7079.0,7,25583.0,0.0,25402.0,24495.0,25706.0,OK,372.0,1.0,292.0,337.0,94.0,120.0,36.0,2.0,199.0,223.0,0.0,1.0,2.0,CONTACTLESS_COMMUNICATION_ERROR,0,1659796500.0,14.0,10.0,7,770.0,23.0,777.0,561.0,203.0,98.0
1659796217.0,8,1659796500.0,969.0,101.0,2200.0,___N,DOMESTIC,0,0,WITHDRAWAL_NATIONAL,CashOutEmv,10882.0,6545.0,19744.0,5716.0,8,3715.0,0.0,23987.0,13068.0,18746.0,CNCL,399.0,1.0,89.0,331.0,83.0,73.0,34.0,0.0,109.0,151.0,1.0,4.0,2.0,CONTACTLESS_COMMUNICATION_ERROR,KIXCLC_READING_AND_CHECKING_CHIP_INFORMATION,1659796277.0,1.0,11.0,8,855.0,9.0,801.0,622.0,395.0,128.0
1659796500.0,9,1659795993.0,993.0,441.0,4099.0,0,0,DOMESTIC,WAHR,WITHDRAWAL_NATIONAL,CashOutEmv,388.0,4748.0,3800.0,11372.0,9,4462.0,0.0,23012.0,25096.0,12186.0,NOK,2.0,0.0,818.0,196.0,16.0,15.0,69.0,0.0,680.0,30.0,1.0,0.0,0.0,CUSTOMER_CANCEL,KIXCLC_READING_AND_CHECKING_CHIP_INFORMATION,1659796358.0,12.0,17.0,9,513.0,22.0,482.0,741.0,20.0,65.0
1659796500.0,10,1659795964.0,3678.0,872.0,6026.0,0,0,0,WAHR,WITHDRAWAL_NATIONAL,0,10285.0,11446.0,9927.0,7648.0,10,12311.0,0.0,23177.0,12978.0,13445.0,NOK,201.0,1.0,171.0,320.0,140.0,15.0,38.0,4.0,709.0,46.0,0.0,0.0,0.0,CUSTOMER_CANCEL,0,1659796444.0,4.0,12.0,10,88.0,3.0,239.0,590.0,958.0,82.0
1659796500.0,11,1659796172.0,1476.0,499.0,5556.0,0,0,0,0,WITHDRAWAL_NATIONAL,CashOutEmv,5187.0,7506.0,10372.0,10263.0,11,2787.0,0.0,22249.0,10516.0,10911.0,NOK,328.0,0.0,229.0,215.0,2.0,146.0,63.0,4.0,711.0,59.0,1.0,0.0,1.0,CUSTOMER_CANCEL,KIXCLC_READING_AND_CHECKING_CHIP_INFORMATION,1659796004.0,13.0,0.0,11,473.0,3.0,494.0,605.0,140.0,91.0
1659796112.0,12,1659796500.0,1234.0,646.0,2738.0,0,DOMESTIC,DOMESTIC,WAHR,0,CashOutEmv,2304.0,16814.0,3358.0,9521.0,12,2720.0,1.0,25441.0,12631.0,14309.0,NOK,553.0,0.0,590.0,286.0,50.0,50.0,67.0,2.0,600.0,138.0,1.0,0.0,2.0,0,KIXCLC_READING_AND_CHECKING_CHIP_INFORMATION,1659796500.0,9.0,3.0,12,149.0,7.0,751.0,580.0,437.0,92.0
1659796500.0,13,1659796202.0,3121.0,382.0,3804.0,___N,0,0,0,0,0,13248.0,8804.0,9428.0,13877.0,13,16618.0,0.0,22857.0,14767.0,24650.0,NOK,129.0,1.0,237.0,318.0,130.0,38.0,31.0,4.0,697.0,157.0,1.0,0.0,2.0,CUSTOMER_CANCEL,WAITING_FOR_CARD,1659796500.0,0.0,13.0,13,589.0,17.0,536.0,14.0,983.0,72.0
1659796293.0,14,1659796223.0,3707.0,346.0,4155.0,C23_,0,DOMESTIC,WAHR,0,0,2882.0,10561.0,815.0,9580.0,14,4303.0,0.0,23560.0,4873.0,5590.0,OK,239.0,0.0,430.0,40.0,61.0,52.0,28.0,0.0,720.0,266.0,1.0,0.0,0.0,CUSTOMER_CANCEL,0,1659796500.0,1.0,3.0,14,428.0,2.0,306.0,292.0,928.0,67.0
1659796500.0,15,1659796500.0,2557.0,150.0,6278.0,___N,0,0,0,0,0,7292.0,10130.0,7929.0,12578.0,15,24565.0,0.0,25613.0,17678.0,15763.0,CNCL,620.0,0.0,798.0,22.0,55.0,69.0,15.0,0.0,565.0,268.0,1.0,4.0,2.0,CONTACTLESS_COMMUNICATION_ERROR,KIXCLC_READING_AND_CHECKING_CHIP_INFORMATION,1659796500.0,3.0,14.0,15,235.0,26.0,310.0,680.0,978.0,125.0
1659796451.0,16,1659796500.0,1036.0,494.0,1053.0,___N,0,0,WAHR,0,0,10335.0,9324.0,3979.0,3192.0,16,12163.0,1.0,14046.0,18375.0,15775.0,CNCL,157.0,0.0,714.0,37.0,56.0,96.0,60.0,0.0,574.0,213.0,1.0,4.0,1.0,CUSTOMER_CANCEL,0,1659796500.0,8.0,14.0,16,411.0,30.0,290.0,135.0,298.0,92.0
1659796500.0,17,1659796188.0,1184.0,346.0,5337.0,C23_,0,DOMESTIC,WAHR,WITHDRAWAL_NATIONAL,CashOutEmv,10328.0,10638.0,10241.0,6181.0,17,20324.0,1.0,14439.0,16637.0,15818.0,OK,114.0,0.0,69.0,300.0,139.0,112.0,69.0,0.0,596.0,84.0,0.0,4.0,0.0,0,CUSTOMER_ENTERING_PIN,1659796500.0,5.0,18.0,17,132.0,21.0,220.0,304.0,972.0,92.0
1659796397.0,18,1659796500.0,966.0,1134.0,4490.0,___N,0,0,0,WITHDRAWAL_NATIONAL,CashOutEmv,5325.0,1444.0,8503.0,7283.0,18,9876.0,0.0,21994.0,4578.0,21171.0,CNCL,144.0,1.0,129.0,304.0,84.0,56.0,41.0,2.0,719.0,113.0,0.0,0.0,2.0,CUSTOMER_CANCEL,CUSTOMER_SELECTING_TRANSACTION,1659796255.0,3.0,7.0,18,822.0,14.0,382.0,13.0,721.0,80.0
1659796447.0,19,1659796500.0,3032.0,627.0,1223.0,C23_,DOMESTIC,0,WAHR,0,CashOutEmv,11659.0,11612.0,8202.0,4951.0,19,16453.0,0.0,24984.0,28467.0,20983.0,CNCL,423.0,1.0,496.0,337.0,14.0,71.0,43.0,16.0,239.0,95.0,1.0,4.0,2.0,CONTACTLESS_COMMUNICATION_ERROR,KIXCLC_READING_AND_CHECKING_CHIP_INFORMATION,1659796500.0,12.0,12.0,19,795.0,12.0,415.0,462.0,345.0,67.0
1659796127.0,20,1659796500.0,127.0,95.0,707.0,C23_,DOMESTIC,DOMESTIC,WAHR,0,CashOutEmv,3477.0,9932.0,18482.0,5901.0,20,13019.0,0.0,25929.0,22820.0,25377.0,OK,309.0,1.0,381.0,349.0,140.0,27.0,36.0,16.0,121.0,112.0,0.0,4.0,2.0,CONTACTLESS_COMMUNICATION_ERROR,CUSTOMER_ENTERING_PIN,1659796500.0,11.0,2.0,20,128.0,10.0,123.0,528.0,189.0,89.0
1659796354.0,21,1659796500.0,2641.0,217.0,6715.0,___N,0,DOMESTIC,WAHR,0,CashOutEmv,11419.0,4323.0,13827.0,8191.0,21,4069.0,0.0,252.0,17827.0,22295.0,CNCL,362.0,1.0,662.0,316.0,14.0,44.0,43.0,2.0,676.0,124.0,1.0,1.0,2.0,CONTACTLESS_COMMUNICATION_ERROR,CUSTOMER_ENTERING_PIN,1659796221.0,16.0,14.0,21,243.0,16.0,630.0,11.0,765.0,128.0
1659796445.0,22,1659796192.0,4092.0,1060.0,4688.0,___N,DOMESTIC,0,0,WITHDRAWAL_NATIONAL,0,7236.0,13210.0,11433.0,5886.0,22,17356.0,1.0,15444.0,25775.0,17885.0,CNCL,438.0,0.0,758.0,223.0,35.0,26.0,66.0,16.0,358.0,10.0,0.0,4.0,2.0,CONTACTLESS_COMMUNICATION_ERROR,0,1659796500.0,11.0,3.0,22,425.0,20.0,638.0,862.0,295.0,72.0
1659796329.0,23,1659796500.0,1949.0,914.0,4627.0,C23_,0,DOMESTIC,WAHR,WITHDRAWAL_NATIONAL,0,653.0,3731.0,2733.0,15989.0,23,9519.0,0.0,24902.0,19088.0,25265.0,CNCL,488.0,1.0,598.0,343.0,99.0,68.0,16.0,16.0,200.0,97.0,0.0,1.0,2.0,CONTACTLESS_COMMUNICATION_ERROR,KIXCLC_READING_AND_CHECKING_CHIP_INFORMATION,1659796196.0,10.0,9.0,23,59.0,8.0,222.0,785.0,897.0,95.0
1659796214.0,24,1659796500.0,2764.0,903.0,3008.0,C23_,DOMESTIC,0,0,0,CashOutEmv,11796.0,6223.0,8358.0,9221.0,24,1763.0,0.0,23963.0,8618.0,19173.0,OK,422.0,1.0,759.0,64.0,52.0,43.0,34.0,0.0,144.0,272.0,0.0,4.0,2.0,CONTACTLESS_COMMUNICATION_ERROR,CUSTOMER_ENTERING_PIN,1659796500.0,10.0,8.0,24,894.0,17.0,312.0,583.0,460.0,89.0
1659796500.0,25,1659796426.0,3579.0,657.0,1010.0,C23_,0,DOMESTIC,0,0,0,8492.0,14616.0,967.0,11735.0,25,403.0,0.0,23409.0,6312.0,7364.0,OK,262.0,0.0,264.0,278.0,12.0,117.0,22.0,4.0,624.0,157.0,0.0,0.0,1.0,CUSTOMER_CANCEL,0,1659796082.0,13.0,7.0,25,148.0,20.0,532.0,221.0,936.0,95.0
1659796500.0,26,1659796339.0,411.0,651.0,4022.0,C23_,DOMESTIC,0,WAHR,WITHDRAWAL_NATIONAL,CashOutEmv,13110.0,306.0,18662.0,10211.0,26,4385.0,0.0,24092.0,26312.0,19002.0,CNCL,222.0,1.0,284.0,85.0,72.0,41.0,72.0,0.0,162.0,257.0,1.0,4.0,0.0,CONTACTLESS_COMMUNICATION_ERROR,CUSTOMER_ENTERING_PIN,1659796288.0,14.0,17.0,26,878.0,18.0,280.0,975.0,363.0,99.0
1659796500.0,27,1659796500.0,318.0,5.0,36.0,C23_,DOMESTIC,0,WAHR,0,0,1849.0,14408.0,1210.0,8066.0,27,3749.0,0.0,21032.0,18126.0,7035.0,NOK,299.0,1.0,165.0,309.0,130.0,78.0,30.0,2.0,427.0,182.0,1.0,0.0,2.0,CUSTOMER_CANCEL,WAITING_FOR_CARD,1659796500.0,16.0,13.0,27,478.0,20.0,641.0,781.0,690.0,112.0
1659796453.0,28,1659796500.0,1264.0,339.0,529.0,0,0,DOMESTIC,0,WITHDRAWAL_NATIONAL,0,4622.0,3901.0,16198.0,3312.0,28,20867.0,1.0,14335.0,7379.0,13131.0,NOK,153.0,1.0,591.0,191.0,21.0,45.0,67.0,16.0,291.0,32.0,0.0,4.0,2.0,CONTACTLESS_COMMUNICATION_ERROR,WAITING_FOR_CARD,1659796221.0,9.0,18.0,28,603.0,2.0,257.0,753.0,693.0,93.0
1659796500.0,29,1659796325.0,3406.0,855.0,3870.0,C23_,0,DOMESTIC,0,WITHDRAWAL_NATIONAL,CashOutEmv,6159.0,9650.0,7749.0,9564.0,29,1870.0,0.0,25085.0,13471.0,19990.0,OK,119.0,1.0,754.0,227.0,33.0,79.0,67.0,16.0,166.0,19.0,0.0,4.0,1.0,CONTACTLESS_COMMUNICATION_ERROR,CUSTOMER_ENTERING_PIN,1659796500.0,1.0,15.0,29,50.0,22.0,90.0,458.0,209.0,68.0
1659796217.0,30,1659796500.0,602.0,1192.0,5017.0,___N,0,DOMESTIC,WAHR,WITHDRAWAL_NATIONAL,0,10344.0,10008.0,3074.0,2055.0,30,5169.0,1.0,13233.0,17899.0,16303.0,CNCL,356.0,0.0,950.0,100.0,44.0,45.0,13.0,0.0,253.0,161.0,1.0,1.0,0.0,CUSTOMER_CANCEL,CUSTOMER_ENTERING_PIN,1659796500.0,11.0,0.0,30,857.0,10.0,208.0,117.0,866.0,128.0
1659796500.0,31,1659796174.0,1383.0,343.0,2733.0,0,0,0,0,WITHDRAWAL_NATIONAL,CashOutEmv,9495.0,9290.0,4145.0,11242.0,31,13070.0,1.0,6888.0,24490.0,11562.0,CNCL,553.0,0.0,286.0,322.0,136.0,40.0,64.0,4.0,562.0,205.0,1.0,0.0,0.0,CUSTOMER_CANCEL,CUSTOMER_SELECTING_TRANSACTION,1659796500.0,13.0,11.0,31,645.0,2.0,752.0,349.0,914.0,105.0
1659796100.0,32,1659796500.0,1773.0,600.0,3617.0,___N,DOMESTIC,DOMESTIC,0,0,0,2159.0,7235.0,12172.0,4735.0,32,4803.0,1.0,14576.0,14718.0,11966.0,NOK,512.0,0.0,657.0,207.0,43.0,70.0,51.0,0.0,531.0,248.0,1.0,4.0,0.0,CUSTOMER_CANCEL,WAITING_FOR_CARD,1659795993.0,1.0,5.0,32,846.0,6.0,752.0,172.0,39.0,70.0
1659796394.0,33,1659795982.0,3382.0,244.0,638.0,___N,0,DOMESTIC,0,WITHDRAWAL_NATIONAL,0,6420.0,8318.0,8851.0,11476.0,33,12009.0,0.0,25057.0,3909.0,14410.0,CNCL,649.0,0.0,422.0,248.0,8.0,136.0,24.0,0.0,546.0,162.0,1.0,4.0,1.0,CONTACTLESS_COMMUNICATION_ERROR,KIXCLC_READING_AND_CHECKING_CHIP_INFORMATION,1659796500.0,11.0,1.0,33,769.0,14.0,757.0,25.0,919.0,80.0
1659796500.0,34,1659796471.0,1260.0,72.0,3390.0,0,DOMESTIC,0,0,WITHDRAWAL_NATIONAL,CashOutEmv,2491.0,1069.0,2894.0,7266.0,34,1573.0,1.0,23794.0,24792.0,21618.0,NOK,471.0,1.0,230.0,59.0,14.0,74.0,62.0,4.0,6.0,196.0,1.0,0.0,1.0,0,KIXCLC_READING_AND_CHECKING_CHIP_INFORMATION,1659796500.0,8.0,0.0,34,708.0,30.0,785.0,961.0,432.0,98.0
1659795967.0,35,1659796076.0,3215.0,179.0,6437.0,C23_,0,DOMESTIC,WAHR,0,0,6904.0,9716.0,5219.0,12688.0,35,11704.0,0.0,24517.0,19974.0,12198.0,CNCL,618.0,0.0,371.0,269.0,15.0,96.0,24.0,4.0,725.0,142.0,1.0,4.0,1.0,CONTACTLESS_COMMUNICATION_ERROR,KIXCLC_READING_AND_CHECKING_CHIP_INFORMATION,1659796500.0,11.0,11.0,35,895.0,31.0,696.0,301.0,956.0,84.0
1659796348.0,36,1659796500.0,1313.0,469.0,5563.0,C23_,0,DOMESTIC,WAHR,0,CashOutEmv,12686.0,2452.0,2914.0,8116.0,36,11442.0,1.0,23924.0,28632.0,28863.0,NOK,67.0,0.0,506.0,242.0,50.0,63.0,65.0,4.0,36.0,180.0,1.0,0.0,1.0,0,WAITING_FOR_CARD,1659796070.0,9.0,4.0,36,546.0,14.0,758.0,97.0,768.0,100.0
1659796175.0,37,1659796500.0,295.0,887.0,1866.0,___N,0,DOMESTIC,WAHR,0,CashOutEmv,14106.0,3002.0,13572.0,10800.0,37,1097.0,1.0,14327.0,6337.0,15842.0,NOK,329.0,0.0,508.0,263.0,4.0,60.0,77.0,0.0,570.0,223.0,1.0,4.0,1.0,0,WAITING_FOR_CARD,1659796500.0,16.0,9.0,37,553.0,27.0,277.0,552.0,785.0,64.0
1659796500.0,38,1659796500.0,2778.0,8.0,5358.0,C23_,DOMESTIC,DOMESTIC,0,WITHDRAWAL_NATIONAL,CashOutEmv,2831.0,14241.0,8987.0,9359.0,38,20722.0,1.0,19313.0,5320.0,19051.0,OK,504.0,0.0,351.0,350.0,63.0,60.0,62.0,16.0,702.0,122.0,0.0,0.0,0.0,CUSTOMER_CANCEL,0,1659796500.0,5.0,18.0,38,365.0,6.0,334.0,948.0,740.0,126.0
1659796320.0,39,1659796255.0,3202.0,365.0,4434.0,C23_,0,DOMESTIC,0,0,0,6711.0,7057.0,19320.0,2958.0,39,4311.0,0.0,24446.0,17985.0,7052.0,CNCL,662.0,0.0,527.0,257.0,17.0,87.0,23.0,16.0,142.0,157.0,1.0,4.0,1.0,CONTACTLESS_COMMUNICATION_ERROR,KIXCLC_READING_AND_CHECKING_CHIP_INFORMATION,1659796500.0,9.0,10.0,39,735.0,8.0,713.0,782.0,829.0,103.0
1659796500.0,40,1659796041.0,3611.0,837.0,4930.0,C23_,0,0,0,WITHDRAWAL_NATIONAL,0,4241.0,10501.0,18967.0,9783.0,40,18775.0,0.0,25892.0,10374.0,58.0,CNCL,147.0,1.0,730.0,222.0,25.0,93.0,69.0,0.0,166.0,86.0,1.0,4.0,1.0,CONTACTLESS_COMMUNICATION_ERROR,KIXCLC_READING_AND_CHECKING_CHIP_INFORMATION,1659796500.0,0.0,8.0,40,46.0,9.0,37.0,290.0,879.0,63.0
1659796226.0,41,1659796500.0,1047.0,85.0,3687.0,___N,0,0,WAHR,WITHDRAWAL_NATIONAL,0,794.0,9574.0,8987.0,10765.0,41,18428.0,1.0,6876.0,17869.0,13662.0,NOK,65.0,1.0,261.0,183.0,11.0,32.0,63.0,16.0,527.0,21.0,0.0,0.0,2.0,CUSTOMER_CANCEL,0,1659796380.0,16.0,2.0,41,154.0,6.0,50.0,531.0,928.0,91.0
1659796500.0,42,1659796490.0,1139.0,1138.0,1273.0,C23_,0,DOMESTIC,0,0,0,4160.0,13625.0,888.0,5024.0,42,9006.0,0.0,23870.0,26661.0,1362.0,OK,405.0,1.0,694.0,284.0,35.0,60.0,50.0,2.0,142.0,166.0,0.0,1.0,0.0,CONTACTLESS_COMMUNICATION_ERROR,0,1659796500.0,0.0,2.0,42,299.0,14.0,757.0,719.0,244.0,72.0
1659796091.0,43,1659796040.0,2642.0,511.0,298.0,C23_,0,DOMESTIC,WAHR,WITHDRAWAL_NATIONAL,0,242.0,2857.0,9240.0,10975.0,43,11629.0,0.0,25304.0,22106.0,25484.0,CNCL,123.0,1.0,685.0,36.0,57.0,127.0,73.0,4.0,200.0,224.0,0.0,4.0,1.0,CONTACTLESS_COMMUNICATION_ERROR,KIXCLC_READING_AND_CHECKING_CHIP_INFORMATION,1659796500.0,15.0,6.0,43,208.0,10.0,803.0,758.0,811.0,115.0
1659796135.0,44,1659796500.0,2689.0,613.0,1915.0,C23_,0,0,0,WITHDRAWAL_NATIONAL,0,5405.0,10537.0,19477.0,14325.0,44,2791.0,0.0,26192.0,4612.0,19227.0,NOK,242.0,1.0,85.0,265.0,18.0,61.0,34.0,16.0,212.0,99.0,1.0,4.0,2.0,CONTACTLESS_COMMUNICATION_ERROR,CUSTOMER_SELECTING_TRANSACTION,1659796394.0,10.0,8.0,44,710.0,29.0,516.0,133.0,525.0,94.0
1659796430.0,45,1659796327.0,2858.0,187.0,4488.0,0,0,DOMESTIC,0,WITHDRAWAL_NATIONAL,0,14392.0,4159.0,3534.0,4139.0,45,594.0,1.0,24539.0,7517.0,12560.0,NOK,252.0,0.0,568.0,249.0,70.0,68.0,53.0,0.0,684.0,171.0,1.0,0.0,1.0,0,WAITING_FOR_CARD,1659796406.0,14.0,15.0,45,316.0,8.0,784.0,979.0,665.0,66.0
1659796500.0,46,1659796500.0,246.0,1054.0,5561.0,___N,0,0,0,0,CashOutEmv,8715.0,8649.0,7096.0,12699.0,46,19198.0,1.0,4639.0,15408.0,15631.0,CNCL,141.0,1.0,338.0,89.0,72.0,50.0,80.0,0.0,573.0,224.0,1.0,1.0,1.0,0,WAITING_FOR_CARD,1659796136.0,14.0,0.0,46,916.0,26.0,66.0,547.0,567.0,126.0
1659796500.0,47,1659796500.0,504.0,795.0,6110.0,C23_,0,0,WAHR,WITHDRAWAL_NATIONAL,CashOutEmv,11914.0,4401.0,11958.0,10035.0,47,987.0,1.0,20063.0,7675.0,7879.0,OK,21.0,1.0,37.0,107.0,93.0,119.0,79.0,4.0,132.0,201.0,0.0,4.0,2.0,CONTACTLESS_COMMUNICATION_ERROR,CUSTOMER_SELECTING_TRANSACTION,1659796500.0,14.0,14.0,47,493.0,19.0,721.0,80.0,531.0,128.0
1659796088.0,48,1659796500.0,3141.0,775.0,5728.0,___N,0,0,0,WITHDRAWAL_NATIONAL,CashOutEmv,10787.0,14751.0,7322.0,13194.0,48,17348.0,1.0,9105.0,9559.0,21498.0,CNCL,382.0,0.0,715.0,122.0,112.0,28.0,33.0,2.0,534.0,117.0,0.0,1.0,2.0,0,WAITING_FOR_CARD,1659796500.0,8.0,2.0,48,232.0,27.0,760.0,237.0,304.0,97.0
1659796500.0,49,1659796134.0,1006.0,239.0,3649.0,C23_,0,0,WAHR,0,0,12455.0,16436.0,3697.0,7498.0,49,10883.0,1.0,24642.0,364.0,28341.0,NOK,11.0,0.0,315.0,193.0,9.0,127.0,64.0,0.0,60.0,15.0,1.0,0.0,1.0,0,KIXCLC_READING_AND_CHECKING_CHIP_INFORMATION,1659796500.0,8.0,11.0,49,73.0,20.0,15.0,145.0,913.0,87.0
1659796393.0,50,1659796500.0,2897.0,549.0,5331.0,C23_,0,DOMESTIC,0,0,CashOutEmv,3936.0,9008.0,18515.0,4238.0,50,20482.0,0.0,24142.0,3728.0,25263.0,NOK,240.0,1.0,563.0,255.0,6.0,54.0,42.0,16.0,238.0,133.0,1.0,4.0,2.0,CONTACTLESS_COMMUNICATION_ERROR,CUSTOMER_SELECTING_TRANSACTION,1659795970.0,6.0,14.0,50,920.0,8.0,377.0,704.0,612.0,95.0
1659796500.0,51,1659796229.0,814.0,644.0,2675.0,C23_,0,DOMESTIC,0,WITHDRAWAL_NATIONAL,CashOutEmv,5906.0,7090.0,4480.0,7649.0,51,24869.0,0.0,19436.0,5144.0,7158.0,CNCL,319.0,0.0,854.0,196.0,14.0,43.0,65.0,0.0,418.0,61.0,1.0,0.0,0.0,0,CUSTOMER_SELECTING_TRANSACTION,1659796500.0,9.0,10.0,51,163.0,7.0,424.0,426.0,766.0,116.0
1659796500.0,52,1659796500.0,480.0,624.0,6658.0,___N,0,0,WAHR,0,0,4289.0,7167.0,10178.0,7277.0,52,181.0,1.0,13800.0,2972.0,18393.0,OK,467.0,0.0,142.0,337.0,107.0,90.0,88.0,2.0,307.0,102.0,0.0,4.0,1.0,CONTACTLESS_COMMUNICATION_ERROR,CUSTOMER_ENTERING_PIN,1659796426.0,1.0,9.0,52,596.0,20.0,578.0,416.0,863.0,128.0
1659796500.0,53,1659796069.0,20.0,580.0,195.0,___N,0,0,WAHR,WITHDRAWAL_NATIONAL,CashOutEmv,8669.0,5251.0,6009.0,10611.0,53,15972.0,1.0,3894.0,23449.0,14024.0,CNCL,609.0,1.0,325.0,115.0,93.0,70.0,73.0,4.0,548.0,245.0,0.0,1.0,1.0,0,WAITING_FOR_CARD,1659796177.0,5.0,1.0,53,884.0,2.0,85.0,161.0,561.0,89.0
1659796500.0,54,1659796500.0,2685.0,1048.0,1701.0,C23_,0,DOMESTIC,0,WITHDRAWAL_NATIONAL,0,10863.0,5396.0,7505.0,10284.0,54,5088.0,0.0,25336.0,6194.0,26213.0,NOK,345.0,1.0,677.0,95.0,70.0,29.0,33.0,16.0,143.0,95.0,1.0,4.0,0.0,CONTACTLESS_COMMUNICATION_ERROR,CUSTOMER_SELECTING_TRANSACTION,1659795962.0,5.0,4.0,54,518.0,8.0,230.0,586.0,634.0,68.0
1659796500.0,55,1659796078.0,3008.0,49.0,1220.0,C23_,DOMESTIC,DOMESTIC,WAHR,WITHDRAWAL_NATIONAL,CashOutEmv,14378.0,6414.0,863.0,15875.0,55,23651.0,0.0,10184.0,4176.0,18810.0,NOK,201.0,1.0,956.0,99.0,66.0,71.0,31.0,16.0,121.0,98.0,0.0,0.0,0.0,CONTACTLESS_COMMUNICATION_ERROR,0,1659796265.0,14.0,3.0,55,672.0,10.0,752.0,35.0,40.0,103.0
1659796500.0,56,1659796500.0,3102.0,687.0,5062.0,C23_,0,0,0,0,0,9094.0,8863.0,3812.0,10193.0,56,1699.0,1.0,21343.0,4760.0,5415.0,CNCL,365.0,1.0,406.0,267.0,44.0,102.0,10.0,2.0,471.0,186.0,0.0,1.0,1.0,CUSTOMER_CANCEL,WAITING_FOR_CARD,1659796497.0,14.0,5.0,56,700.0,15.0,425.0,706.0,978.0,86.0
1659796500.0,57,1659796500.0,408.0,1164.0,5958.0,0,0,DOMESTIC,WAHR,WITHDRAWAL_NATIONAL,CashOutEmv,1676.0,8101.0,3150.0,2102.0,57,24036.0,0.0,2122.0,21244.0,13065.0,CNCL,521.0,0.0,205.0,88.0,87.0,4.0,15.0,16.0,718.0,32.0,0.0,1.0,0.0,CONTACTLESS_COMMUNICATION_ERROR,0,1659796491.0,5.0,1.0,57,232.0,10.0,43.0,272.0,133.0,64.0
1659796500.0,58,1659796445.0,1598.0,379.0,1711.0,___N,0,DOMESTIC,0,0,0,2980.0,8417.0,12798.0,14221.0,58,12188.0,1.0,15097.0,13420.0,11298.0,NOK,539.0,1.0,132.0,221.0,90.0,133.0,47.0,2.0,244.0,61.0,1.0,4.0,1.0,CUSTOMER_CANCEL,CUSTOMER_SELECTING_TRANSACTION,1659796091.0,4.0,4.0,58,586.0,22.0,6.0,869.0,84.0,99.0
1659796500.0,59,1659796500.0,2991.0,142.0,6023.0,0,0,DOMESTIC,WAHR,0,0,9092.0,5148.0,2800.0,3115.0,59,26154.0,0.0,14747.0,24881.0,23108.0,NOK,158.0,1.0,904.0,100.0,60.0,82.0,34.0,2.0,19.0,93.0,1.0,0.0,2.0,CUSTOMER_CANCEL,WAITING_FOR_CARD,1659796358.0,14.0,6.0,59,695.0,17.0,591.0,647.0,89.0,86.0
1659796399.0,60,1659796500.0,2851.0,165.0,513.0,C23_,DOMESTIC,0,WAHR,WITHDRAWAL_NATIONAL,CashOutEmv,11965.0,15832.0,18742.0,4795.0,60,10260.0,0.0,24085.0,12874.0,19153.0,OK,359.0,1.0,741.0,81.0,64.0,92.0,33.0,4.0,228.0,122.0,0.0,4.0,1.0,CONTACTLESS_COMMUNICATION_ERROR,CUSTOMER_ENTERING_PIN,1659796500.0,1.0,1.0,60,767.0,9.0,567.0,394.0,249.0,66.0
1659796251.0,61,1659796500.0,2894.0,162.0,635.0,0,DOMESTIC,DOMESTIC,WAHR,WITHDRAWAL_NATIONAL,CashOutEmv,11654.0,15771.0,19206.0,4666.0,61,9001.0,0.0,23770.0,26172.0,22783.0,CNCL,353.0,1.0,765.0,88.0,58.0,17.0,36.0,2.0,69.0,105.0,0.0,4.0,0.0,CONTACTLESS_COMMUNICATION_ERROR,KIXCLC_READING_AND_CHECKING_CHIP_INFORMATION,1659796500.0,15.0,8.0,61,31.0,27.0,167.0,236.0,448.0,63.0
1659796480.0,62,1659796500.0,1291.0,944.0,2620.0,C23_,0,0,0,0,0,559.0,2841.0,3896.0,4011.0,62,3749.0,1.0,23940.0,6968.0,24778.0,NOK,275.0,0.0,552.0,242.0,116.0,50.0,58.0,4.0,10.0,173.0,1.0,0.0,2.0,0,KIXCLC_READING_AND_CHECKING_CHIP_INFORMATION,1659796500.0,8.0,11.0,62,500.0,10.0,701.0,921.0,930.0,90.0
1659796285.0,63,1659796500.0,2325.0,222.0,2837.0,C23_,0,DOMESTIC,WAHR,WITHDRAWAL_NATIONAL,CashOutEmv,11586.0,11237.0,8870.0,4490.0,63,758.0,0.0,24425.0,13628.0,20488.0,OK,402.0,1.0,603.0,78.0,69.0,27.0,36.0,0.0,184.0,42.0,0.0,4.0,2.0,CONTACTLESS_COMMUNICATION_ERROR,CUSTOMER_ENTERING_PIN,1659796500.0,12.0,18.0,63,287.0,22.0,436.0,55.0,299.0,65.0
1659796500.0,64,1659796500.0,32.0,200.0,4954.0,0,0,DOMESTIC,WAHR,WITHDRAWAL_NATIONAL,CashOutEmv,9762.0,5573.0,2802.0,13656.0,64,3772.0,1.0,16485.0,25708.0,17893.0,OK,186.0,0.0,446.0,104.0,47.0,62.0,5.0,4.0,339.0,72.0,0.0,1.0,0.0,CUSTOMER_CANCEL,0,1659796331.0,3.0,4.0,64,305.0,30.0,7.0,891.0,87.0,69.0
1659796500.0,65,1659796500.0,480.0,325.0,5840.0,C23_,0,DOMESTIC,WAHR,WITHDRAWAL_NATIONAL,0,10018.0,9283.0,5143.0,12734.0,65,2508.0,1.0,20465.0,6238.0,20964.0,CNCL,401.0,1.0,946.0,237.0,124.0,101.0,3.0,0.0,152.0,270.0,1.0,1.0,1.0,0,WAITING_FOR_CARD,1659796500.0,4.0,14.0,65,559.0,10.0,601.0,375.0,312.0,100.0
1659796281.0,66,1659796500.0,3094.0,160.0,5454.0,C23_,DOMESTIC,0,0,0,CashOutEmv,11782.0,15348.0,3425.0,13707.0,66,10574.0,0.0,24482.0,16444.0,26007.0,CNCL,363.0,1.0,496.0,325.0,5.0,14.0,37.0,4.0,172.0,179.0,0.0,1.0,0.0,CONTACTLESS_COMMUNICATION_ERROR,KIXCLC_READING_AND_CHECKING_CHIP_INFORMATION,1659796034.0,9.0,1.0,66,717.0,10.0,733.0,99.0,343.0,92.0
1659796500.0,67,1659796395.0,1449.0,647.0,1437.0,___N,0,DOMESTIC,0,WITHDRAWAL_NATIONAL,0,9631.0,9244.0,9938.0,13469.0,67,16965.0,0.0,24007.0,17299.0,17111.0,CNCL,559.0,0.0,701.0,26.0,62.0,91.0,15.0,0.0,573.0,154.0,1.0,4.0,1.0,CONTACTLESS_COMMUNICATION_ERROR,KIXCLC_READING_AND_CHECKING_CHIP_INFORMATION,1659796500.0,10.0,9.0,67,104.0,12.0,794.0,133.0,954.0,93.0
1659796270.0,68,1659796500.0,1315.0,105.0,1296.0,C23_,DOMESTIC,DOMESTIC,0,WITHDRAWAL_NATIONAL,CashOutEmv,11613.0,14896.0,18099.0,4877.0,68,2346.0,0.0,26138.0,24788.0,18908.0,OK,351.0,1.0,95.0,306.0,80.0,89.0,33.0,16.0,168.0,123.0,0.0,4.0,1.0,CONTACTLESS_COMMUNICATION_ERROR,CUSTOMER_ENTERING_PIN,1659796500.0,9.0,16.0,68,140.0,6.0,135.0,833.0,310.0,95.0
1659796500.0,69,1659796005.0,2883.0,810.0,2005.0,___N,DOMESTIC,DOMESTIC,0,WITHDRAWAL_NATIONAL,CashOutEmv,12643.0,5280.0,679.0,2866.0,69,279.0,1.0,4467.0,19738.0,17698.0,CNCL,273.0,0.0,271.0,41.0,9.0,49.0,52.0,2.0,485.0,92.0,1.0,0.0,1.0,CONTACTLESS_COMMUNICATION_ERROR,WAITING_FOR_CARD,1659796026.0,10.0,4.0,69,607.0,14.0,318.0,874.0,130.0,115.0
1659796500.0,70,1659796429.0,3269.0,1136.0,1006.0,0,DOMESTIC,DOMESTIC,0,WITHDRAWAL_NATIONAL,0,10263.0,15034.0,1218.0,14067.0,70,23873.0,0.0,17826.0,13047.0,19735.0,NOK,220.0,1.0,260.0,350.0,137.0,72.0,42.0,4.0,34.0,74.0,1.0,0.0,2.0,CUSTOMER_CANCEL,KIXCLC_READING_AND_CHECKING_CHIP_INFORMATION,1659796500.0,5.0,16.0,70,834.0,26.0,518.0,727.0,679.0,102.0
1659796060.0,71,1659796500.0,2128.0,443.0,6201.0,C23_,0,0,0,WITHDRAWAL_NATIONAL,CashOutEmv,1484.0,17349.0,7346.0,9896.0,71,17845.0,1.0,3923.0,5351.0,17797.0,CNCL,511.0,0.0,945.0,182.0,134.0,6.0,79.0,4.0,551.0,226.0,0.0,1.0,0.0,0,WAITING_FOR_CARD,1659796005.0,8.0,17.0,71,847.0,26.0,42.0,336.0,579.0,105.0
1659796500.0,72,1659796500.0,996.0,329.0,5234.0,C23_,0,0,0,WITHDRAWAL_NATIONAL,CashOutEmv,10943.0,15819.0,14991.0,8828.0,72,19071.0,0.0,23836.0,18043.0,2622.0,CNCL,445.0,1.0,217.0,336.0,91.0,36.0,34.0,0.0,204.0,71.0,1.0,1.0,0.0,CONTACTLESS_COMMUNICATION_ERROR,CUSTOMER_ENTERING_PIN,1659796202.0,13.0,17.0,72,589.0,7.0,567.0,402.0,186.0,130.0
1659796500.0,73,1659795981.0,855.0,105.0,18.0,0,DOMESTIC,DOMESTIC,WAHR,0,0,3512.0,14327.0,3.0,1970.0,73,20420.0,1.0,25118.0,22138.0,22111.0,NOK,653.0,1.0,430.0,250.0,66.0,62.0,49.0,2.0,655.0,150.0,0.0,0.0,1.0,0,WAITING_FOR_CARD,1659796500.0,13.0,1.0,73,122.0,7.0,692.0,474.0,769.0,96.0
1659796217.0,74,1659796500.0,1130.0,1161.0,2287.0,___N,DOMESTIC,DOMESTIC,WAHR,WITHDRAWAL_NATIONAL,0,9590.0,8476.0,1633.0,7175.0,74,24358.0,0.0,14266.0,10095.0,22400.0,CNCL,223.0,1.0,87.0,306.0,83.0,73.0,42.0,0.0,38.0,161.0,0.0,0.0,2.0,CONTACTLESS_COMMUNICATION_ERROR,CUSTOMER_SELECTING_TRANSACTION,1659795964.0,16.0,15.0,74,96.0,27.0,8.0,735.0,97.0,116.0
1659796008.0,75,1659796500.0,1029.0,655.0,2348.0,C23_,0,0,WAHR,WITHDRAWAL_NATIONAL,0,5518.0,10006.0,13199.0,11537.0,75,2703.0,0.0,24415.0,7550.0,6216.0,CNCL,368.0,0.0,626.0,40.0,2.0,8.0,52.0,16.0,206.0,108.0,1.0,1.0,0.0,CONTACTLESS_COMMUNICATION_ERROR,KIXCLC_READING_AND_CHECKING_CHIP_INFORMATION,1659796500.0,14.0,12.0,75,61.0,10.0,191.0,567.0,940.0,87.0
1659796369.0,76,1659796138.0,2451.0,25.0,964.0,C23_,DOMESTIC,0,WAHR,0,0,11163.0,15655.0,4171.0,3814.0,76,4765.0,1.0,18571.0,12434.0,14117.0,CNCL,301.0,0.0,537.0,136.0,57.0,114.0,57.0,0.0,239.0,241.0,0.0,0.0,2.0,0,CUSTOMER_SELECTING_TRANSACTION,1659796500.0,14.0,17.0,76,892.0,10.0,630.0,470.0,439.0,81.0
1659796500.0,77,1659796500.0,326.0,659.0,3022.0,C23_,DOMESTIC,0,WAHR,WITHDRAWAL_NATIONAL,CashOutEmv,9491.0,2726.0,6914.0,15519.0,77,869.0,1.0,8689.0,22244.0,5949.0,CNCL,160.0,1.0,87.0,64.0,90.0,45.0,83.0,4.0,468.0,202.0,0.0,1.0,2.0,0,CUSTOMER_ENTERING_PIN,1659796500.0,5.0,16.0,77,750.0,3.0,659.0,931.0,749.0,126.0
1659796458.0,78,1659796040.0,3014.0,153.0,835.0,C23_,DOMESTIC,0,WAHR,0,0,5520.0,8709.0,2236.0,8009.0,78,3827.0,0.0,21675.0,24995.0,24812.0,CNCL,97.0,0.0,39.0,162.0,80.0,87.0,62.0,2.0,423.0,192.0,1.0,0.0,2.0,CUSTOMER_CANCEL,WAITING_FOR_CARD,1659795970.0,8.0,3.0,78,274.0,13.0,356.0,558.0,123.0,129.0
1659796500.0,79,1659796500.0,3431.0,773.0,4976.0,C23_,0,0,0,0,CashOutEmv,418.0,9390.0,6764.0,12563.0,79,157.0,1.0,19275.0,6815.0,24836.0,CNCL,180.0,0.0,476.0,111.0,44.0,30.0,6.0,0.0,136.0,249.0,1.0,1.0,2.0,0,WAITING_FOR_CARD,1659796422.0,2.0,16.0,79,464.0,5.0,637.0,515.0,322.0,81.0
1659796500.0,80,1659796483.0,1893.0,1160.0,4430.0,___N,0,0,WAHR,WITHDRAWAL_NATIONAL,CashOutEmv,11431.0,8447.0,4656.0,2356.0,80,1704.0,1.0,4489.0,14163.0,14215.0,NOK,45.0,1.0,157.0,154.0,80.0,56.0,75.0,0.0,564.0,147.0,1.0,0.0,1.0,CUSTOMER_CANCEL,WAITING_FOR_CARD,1659796454.0,13.0,14.0,80,20.0,1.0,11.0,167.0,549.0,109.0
1659796500.0,81,1659796232.0,1322.0,82.0,1554.0,___N,0,DOMESTIC,0,WITHDRAWAL_NATIONAL,CashOutEmv,12701.0,8288.0,4498.0,5574.0,81,25738.0,1.0,2926.0,14998.0,15779.0,CNCL,329.0,1.0,212.0,224.0,43.0,3.0,45.0,4.0,509.0,228.0,0.0,1.0,0.0,0,KIXCLC_READING_AND_CHECKING_CHIP_INFORMATION,1659795979.0,0.0,8.0,81,823.0,16.0,629.0,413.0,46.0,72.0
1659796251.0,82,1659796446.0,3499.0,696.0,2344.0,___N,DOMESTIC,0,WAHR,0,CashOutEmv,12671.0,5988.0,13009.0,5857.0,82,575.0,1.0,14094.0,12744.0,22218.0,CNCL,206.0,1.0,792.0,41.0,65.0,116.0,72.0,0.0,269.0,183.0,0.0,4.0,1.0,CONTACTLESS_COMMUNICATION_ERROR,KIXCLC_READING_AND_CHECKING_CHIP_INFORMATION,1659796100.0,15.0,2.0,82,662.0,22.0,616.0,671.0,480.0,68.0
1659796171.0,83,1659796231.0,873.0,705.0,2527.0,0,DOMESTIC,0,0,WITHDRAWAL_NATIONAL,0,14342.0,12497.0,2631.0,8504.0,83,2444.0,0.0,1988.0,24509.0,10658.0,OK,55.0,0.0,885.0,270.0,63.0,37.0,67.0,2.0,560.0,156.0,0.0,1.0,0.0,CONTACTLESS_COMMUNICATION_ERROR,CUSTOMER_SELECTING_TRANSACTION,1659796500.0,8.0,15.0,83,201.0,11.0,190.0,469.0,427.0,126.0
1659796340.0,84,1659796500.0,704.0,381.0,3058.0,C23_,0,DOMESTIC,0,0,0,4409.0,8277.0,6904.0,4546.0,84,19989.0,0.0,24393.0,5131.0,7865.0,CNCL,495.0,1.0,48.0,265.0,95.0,131.0,12.0,16.0,148.0,59.0,1.0,4.0,1.0,CONTACTLESS_COMMUNICATION_ERROR,KIXCLC_READING_AND_CHECKING_CHIP_INFORMATION,1659796500.0,2.0,17.0,84,791.0,8.0,133.0,127.0,835.0,78.0
1659796108.0,85,1659796500.0,2664.0,619.0,1175.0,0,0,DOMESTIC,WAHR,WITHDRAWAL_NATIONAL,CashOutEmv,10155.0,17139.0,8888.0,10524.0,85,11910.0,0.0,25825.0,6727.0,30723.0,CNCL,157.0,1.0,713.0,93.0,69.0,96.0,33.0,2.0,86.0,93.0,0.0,4.0,1.0,CONTACTLESS_COMMUNICATION_ERROR,CUSTOMER_ENTERING_PIN,1659796500.0,16.0,15.0,85,577.0,7.0,175.0,636.0,216.0,124.0
1659796500.0,86,1659796394.0,2931.0,1056.0,6076.0,___N,0,DOMESTIC,WAHR,WITHDRAWAL_NATIONAL,CashOutEmv,975.0,13240.0,5036.0,5800.0,86,539.0,1.0,15365.0,24396.0,16735.0,CNCL,157.0,0.0,447.0,195.0,32.0,78.0,67.0,16.0,303.0,37.0,1.0,4.0,1.0,CUSTOMER_CANCEL,CUSTOMER_ENTERING_PIN,1659796500.0,15.0,3.0,86,567.0,20.0,679.0,192.0,227.0,75.0
1659796500.0,87,1659796369.0,3395.0,929.0,2646.0,C23_,0,DOMESTIC,WAHR,0,0,3019.0,6918.0,416.0,12844.0,87,4913.0,0.0,21457.0,24052.0,7411.0,NOK,258.0,0.0,974.0,0.0,2.0,28.0,23.0,0.0,415.0,232.0,1.0,0.0,0.0,CUSTOMER_CANCEL,WAITING_FOR_CARD,1659796106.0,8.0,2.0,87,198.0,0.0,483.0,337.0,77.0,125.0
1659796443.0,88,1659796500.0,1398.0,234.0,2035.0,0,DOMESTIC,0,WAHR,0,CashOutEmv,13157.0,12024.0,3492.0,10772.0,88,1110.0,1.0,6942.0,25532.0,15975.0,NOK,578.0,0.0,624.0,276.0,48.0,64.0,75.0,0.0,581.0,14.0,1.0,0.0,1.0,CUSTOMER_CANCEL,WAITING_FOR_CARD,1659796500.0,1.0,8.0,88,870.0,6.0,632.0,441.0,431.0,126.0
1659796500.0,89,1659796363.0,2622.0,752.0,5596.0,C23_,0,0,WAHR,0,CashOutEmv,13315.0,7016.0,3246.0,7836.0,89,15823.0,0.0,22637.0,26988.0,18184.0,NOK,93.0,0.0,951.0,351.0,68.0,59.0,71.0,2.0,540.0,219.0,1.0,0.0,2.0,CUSTOMER_CANCEL,KIXCLC_READING_AND_CHECKING_CHIP_INFORMATION,1659796163.0,11.0,10.0,89,212.0,13.0,394.0,546.0,48.0,106.0
1659796500.0,90,1659796449.0,170.0,592.0,2822.0,C23_,0,DOMESTIC,WAHR,0,0,9084.0,9901.0,14819.0,13750.0,90,18136.0,0.0,21406.0,25748.0,5621.0,OK,237.0,1.0,212.0,140.0,34.0,34.0,28.0,16.0,450.0,79.0,1.0,0.0,2.0,CUSTOMER_CANCEL,0,1659796412.0,4.0,13.0,90,908.0,1.0,333.0,250.0,182.0,90.0
1659796273.0,91,1659796500.0,925.0,1220.0,4248.0,C23_,0,DOMESTIC,WAHR,0,CashOutEmv,13624.0,11997.0,13823.0,5730.0,91,3584.0,0.0,25043.0,28736.0,13328.0,CNCL,629.0,0.0,520.0,264.0,61.0,39.0,58.0,4.0,559.0,156.0,1.0,1.0,2.0,CONTACTLESS_COMMUNICATION_ERROR,CUSTOMER_ENTERING_PIN,1659796500.0,14.0,10.0,91,122.0,30.0,696.0,300.0,243.0,99.0
1659796500.0,92,1659796500.0,3821.0,705.0,4676.0,___N,0,DOMESTIC,WAHR,0,CashOutEmv,11073.0,13381.0,9865.0,5676.0,92,11246.0,0.0,24827.0,6175.0,13645.0,OK,353.0,1.0,691.0,101.0,71.0,88.0,32.0,2.0,574.0,126.0,1.0,4.0,1.0,CONTACTLESS_COMMUNICATION_ERROR,CUSTOMER_ENTERING_PIN,1659796500.0,4.0,0.0,92,707.0,27.0,513.0,451.0,320.0,97.0
1659796316.0,93,1659796500.0,1227.0,881.0,3170.0,C23_,0,0,WAHR,WITHDRAWAL_NATIONAL,0,5856.0,8924.0,9345.0,6611.0,93,152.0,0.0,24213.0,3617.0,20786.0,CNCL,544.0,1.0,479.0,299.0,140.0,74.0,9.0,0.0,229.0,12.0,0.0,4.0,1.0,CONTACTLESS_COMMUNICATION_ERROR,KIXCLC_READING_AND_CHECKING_CHIP_INFORMATION,1659796317.0,10.0,1.0,93,429.0,18.0,114.0,99.0,859.0,95.0
1659796500.0,94,1659796405.0,1586.0,745.0,5183.0,C23_,0,0,WAHR,WITHDRAWAL_NATIONAL,0,12936.0,4393.0,20163.0,2073.0,94,10561.0,1.0,25450.0,11292.0,24010.0,NOK,249.0,0.0,27.0,134.0,86.0,100.0,58.0,0.0,26.0,19.0,1.0,0.0,0.0,0,KIXCLC_READING_AND_CHECKING_CHIP_INFORMATION,1659796224.0,4.0,11.0,94,767.0,19.0,688.0,597.0,783.0,100.0
1659796455.0,95,1659796500.0,2621.0,143.0,680.0,C23_,0,0,0,0,CashOutEmv,6742.0,17090.0,19157.0,10465.0,95,2731.0,0.0,25928.0,11171.0,7730.0,NOK,238.0,1.0,686.0,105.0,65.0,26.0,44.0,16.0,203.0,128.0,1.0,4.0,0.0,CONTACTLESS_COMMUNICATION_ERROR,CUSTOMER_SELECTING_TRANSACTION,1659796348.0,1.0,13.0,95,108.0,27.0,171.0,531.0,511.0,74.0
1659796388.0,96,1659796387.0,3275.0,745.0,4853.0,C23_,DOMESTIC,DOMESTIC,WAHR,0,CashOutEmv,7223.0,15467.0,4981.0,13294.0,96,10147.0,0.0,18070.0,26246.0,6080.0,OK,561.0,0.0,618.0,277.0,110.0,74.0,22.0,4.0,1.0,151.0,0.0,0.0,1.0,CUSTOMER_CANCEL,CUSTOMER_ENTERING_PIN,1659796066.0,15.0,17.0,96,532.0,4.0,697.0,238.0,414.0,76.0
1659796500.0,97,1659796169.0,839.0,526.0,4158.0,C23_,0,DOMESTIC,0,0,0,1941.0,8652.0,7999.0,4502.0,97,20603.0,1.0,5518.0,15298.0,16440.0,CNCL,101.0,0.0,467.0,3.0,57.0,128.0,86.0,2.0,510.0,219.0,0.0,0.0,1.0,CUSTOMER_CANCEL,CUSTOMER_SELECTING_TRANSACTION,1659795983.0,10.0,9.0,97,504.0,3.0,619.0,15.0,85.0,98.0
1659796500.0,98,1659796276.0,3238.0,351.0,1915.0,0,0,0,WAHR,WITHDRAWAL_NATIONAL,CashOutEmv,8351.0,15253.0,1113.0,8125.0,98,11704.0,0.0,16714.0,28521.0,15002.0,NOK,200.0,1.0,203.0,320.0,121.0,71.0,42.0,4.0,90.0,65.0,1.0,0.0,2.0,CUSTOMER_CANCEL,KIXCLC_READING_AND_CHECKING_CHIP_INFORMATION,1659796427.0,0.0,2.0,98,859.0,26.0,563.0,306.0,196.0,129.0
1659796222.0,99,1659796500.0,818.0,87.0,3658.0,___N,0,DOMESTIC,WAHR,0,CashOutEmv,13953.0,10365.0,3979.0,9381.0,99,213.0,1.0,2854.0,15823.0,13907.0,CNCL,35.0,1.0,574.0,36.0,5.0,51.0,72.0,0.0,521.0,214.0,1.0,1.0,1.0,0,WAITING_FOR_CARD,1659796152.0,7.0,2.0,99,170.0,22.0,472.0,676.0,589.0,75.0
1659796500.0,100,1659796500.0,494.0,492.0,6250.0,0,0,0,WAHR,WITHDRAWAL_NATIONAL,CashOutEmv,12464.0,14088.0,4987.0,10858.0,100,10839.0,1.0,14316.0,23500.0,6805.0,CNCL,320.0,0.0,59.0,245.0,102.0,54.0,83.0,4.0,268.0,54.0,1.0,4.0,1.0,CONTACTLESS_COMMUNICATION_ERROR,WAITING_FOR_CARD,1659796500.0,13.0,4.0,100,518.0,1.0,215.0,188.0,807.0,108.0
1659796416.0,101,1659796314.0,134.0,487.0,4625.0,C23_,DOMESTIC,DOMESTIC,WAHR,WITHDRAWAL_NATIONAL,CashOutEmv,7066.0,15890.0,8994.0,8572.0,101,12956.0,1.0,25319.0,2163.0,25902.0,NOK,57.0,0.0,629.0,115.0,100.0,63.0,14.0,0.0,67.0,66.0,1.0,0.0,1.0,0,KIXCLC_READING_AND_CHECKING_CHIP_INFORMATION,1659796296.0,14.0,9.0,101,558.0,8.0,88.0,401.0,469.0,74.0
1659796500.0,102,1659795960.0,3566.0,1191.0,4478.0,___N,0,0,WAHR,WITHDRAWAL_NATIONAL,CashOutEmv,9887.0,14005.0,14785.0,15366.0,102,1468.0,0.0,22814.0,23161.0,15035.0,CNCL,136.0,1.0,258.0,308.0,140.0,132.0,39.0,16.0,712.0,6.0,0.0,0.0,1.0,CUSTOMER_CANCEL,CUSTOMER_SELECTING_TRANSACTION,1659796274.0,4.0,6.0,102,561.0,27.0,494.0,440.0,811.0,109.0
1659796500.0,103,1659796058.0,1247.0,344.0,3858.0,___N,0,0,0,WITHDRAWAL_NATIONAL,0,7152.0,2938.0,11667.0,9171.0,103,4702.0,1.0,13252.0,20807.0,16759.0,CNCL,175.0,0.0,403.0,334.0,123.0,41.0,60.0,16.0,307.0,26.0,1.0,4.0,2.0,CUSTOMER_CANCEL,WAITING_FOR_CARD,1659796500.0,10.0,5.0,103,658.0,26.0,264.0,272.0,703.0,105.0
1659796500.0,104,1659796233.0,2866.0,218.0,3012.0,___N,DOMESTIC,DOMESTIC,0,WITHDRAWAL_NATIONAL,CashOutEmv,9192.0,13970.0,6333.0,9684.0,104,201.0,1.0,18638.0,22081.0,1680.0,OK,562.0,1.0,436.0,63.0,77.0,54.0,62.0,4.0,631.0,233.0,1.0,1.0,2.0,0,CUSTOMER_SELECTING_TRANSACTION,1659796500.0,14.0,14.0,104,845.0,9.0,359.0,513.0,782.0,123.0
1659796500.0,105,1659796500.0,3490.0,619.0,3628.0,0,DOMESTIC,0,WAHR,WITHDRAWAL_NATIONAL,CashOutEmv,12977.0,10322.0,18632.0,12087.0,105,18501.0,1.0,6897.0,8077.0,17585.0,CNCL,78.0,0.0,323.0,253.0,40.0,115.0,3.0,16.0,519.0,43.0,0.0,0.0,1.0,CUSTOMER_CANCEL,WAITING_FOR_CARD,1659796500.0,1.0,9.0,105,858.0,7.0,657.0,145.0,457.0,69.0
1659796389.0,106,1659795995.0,3314.0,544.0,5764.0,C23_,0,0,WAHR,0,0,7212.0,10685.0,18574.0,2860.0,106,17747.0,0.0,25769.0,6745.0,13319.0,CNCL,590.0,0.0,430.0,247.0,23.0,75.0,17.0,4.0,137.0,178.0,1.0,4.0,1.0,CONTACTLESS_COMMUNICATION_ERROR,KIXCLC_READING_AND_CHECKING_CHIP_INFORMATION,1659796500.0,7.0,1.0,106,916.0,12.0,164.0,900.0,837.0,91.0
1659796500.0,107,1659796424.0,2999.0,175.0,2578.0,___N,0,DOMESTIC,0,0,CashOutEmv,8775.0,13448.0,744.0,15753.0,107,23871.0,0.0,19933.0,25031.0,6528.0,CNCL,154.0,1.0,294.0,283.0,15.0,131.0,37.0,4.0,403.0,149.0,0.0,0.0,1.0,0,CUSTOMER_SELECTING_TRANSACTION,1659796500.0,15.0,3.0,107,46.0,5.0,430.0,608.0,313.0,65.0
1659796500.0,108,1659796469.0,2594.0,500.0,1255.0,___N,DOMESTIC,0,0,0,CashOutEmv,4739.0,13634.0,8095.0,15264.0,108,10005.0,0.0,8107.0,24192.0,6984.0,OK,208.0,1.0,295.0,118.0,7.0,35.0,34.0,0.0,369.0,242.0,0.0,0.0,2.0,CUSTOMER_CANCEL,CUSTOMER_ENTERING_PIN,1659796384.0,6.0,7.0,108,688.0,11.0,618.0,528.0,779.0,98.0
1659796014.0,109,1659796500.0,1128.0,1134.0,1055.0,___N,0,0,0,0,CashOutEmv,13807.0,2642.0,4947.0,8986.0,109,5066.0,0.0,21176.0,7199.0,3665.0,NOK,182.0,1.0,857.0,351.0,19.0,40.0,34.0,0.0,563.0,182.0,1.0,0.0,2.0,CUSTOMER_CANCEL,WAITING_FOR_CARD,1659796500.0,12.0,12.0,109,927.0,12.0,361.0,800.0,782.0,104.0
1659796039.0,110,1659796180.0,2036.0,658.0,6177.0,0,0,DOMESTIC,0,WITHDRAWAL_NATIONAL,CashOutEmv,5395.0,6651.0,3873.0,8298.0,110,1133.0,1.0,14622.0,15711.0,3078.0,CNCL,555.0,1.0,878.0,191.0,75.0,74.0,5.0,0.0,306.0,182.0,1.0,4.0,1.0,CUSTOMER_CANCEL,CUSTOMER_ENTERING_PIN,1659796500.0,15.0,1.0,110,71.0,8.0,114.0,783.0,856.0,88.0
1659796500.0,111,1659796397.0,399.0,993.0,1359.0,0,0,0,0,WITHDRAWAL_NATIONAL,CashOutEmv,1929.0,14970.0,4703.0,9349.0,111,301.0,1.0,5809.0,25505.0,15685.0,CNCL,25.0,0.0,195.0,336.0,134.0,25.0,61.0,2.0,497.0,117.0,1.0,0.0,1.0,CUSTOMER_CANCEL,CUSTOMER_SELECTING_TRANSACTION,1659796500.0,3.0,15.0,111,253.0,10.0,468.0,625.0,845.0,103.0
1659795984.0,112,1659795993.0,3834.0,321.0,1457.0,C23_,DOMESTIC,DOMESTIC,0,WITHDRAWAL_NATIONAL,CashOutEmv,4086.0,7669.0,14835.0,11382.0,112,4498.0,0.0,22921.0,25710.0,5334.0,NOK,224.0,0.0,912.0,292.0,12.0,125.0,22.0,2.0,369.0,151.0,1.0,0.0,1.0,CUSTOMER_CANCEL,KIXCLC_READING_AND_CHECKING_CHIP_INFORMATION,1659796418.0,8.0,7.0,112,557.0,6.0,462.0,173.0,107.0,122.0
1659796269.0,113,1659796306.0,2285.0,617.0,5416.0,C23_,0,0,WAHR,WITHDRAWAL_NATIONAL,0,13536.0,8882.0,4896.0,1867.0,113,11641.0,1.0,24373.0,28278.0,18212.0,NOK,319.0,0.0,779.0,158.0,89.0,113.0,57.0,0.0,18.0,45.0,1.0,0.0,0.0,0,KIXCLC_READING_AND_CHECKING_CHIP_INFORMATION,1659796500.0,8.0,13.0,113,772.0,17.0,653.0,119.0,984.0,95.0
1659796451.0,114,1659796500.0,3813.0,698.0,1824.0,0,DOMESTIC,0,0,WITHDRAWAL_NATIONAL,CashOutEmv,182.0,11895.0,8163.0,4960.0,114,24880.0,0.0,25746.0,25753.0,19012.0,CNCL,292.0,1.0,68.0,301.0,130.0,35.0,37.0,2.0,104.0,149.0,1.0,4.0,2.0,CONTACTLESS_COMMUNICATION_ERROR,CUSTOMER_ENTERING_PIN,1659796124.0,1.0,11.0,114,623.0,8.0,715.0,489.0,245.0,103.0
1659796500.0,115,1659796500.0,3043.0,1044.0,1685.0,C23_,DOMESTIC,0,0,0,CashOutEmv,10999.0,14088.0,3372.0,8126.0,115,25893.0,0.0,2364.0,5669.0,13241.0,CNCL,350.0,0.0,868.0,205.0,62.0,41.0,41.0,0.0,722.0,257.0,1.0,1.0,0.0,CONTACTLESS_COMMUNICATION_ERROR,CUSTOMER_ENTERING_PIN,1659796320.0,3.0,8.0,115,367.0,25.0,469.0,779.0,815.0,107.0
1659796500.0,116,1659796408.0,3543.0,379.0,3730.0,C23_,0,0,WAHR,WITHDRAWAL_NATIONAL,0,5225.0,10435.0,11679.0,2673.0,116,4032.0,0.0,22353.0,22590.0,7722.0,CNCL,140.0,1.0,232.0,317.0,118.0,35.0,35.0,0.0,400.0,65.0,1.0,0.0,2.0,CUSTOMER_CANCEL,WAITING_FOR_CARD,1659796500.0,5.0,9.0,116,724.0,3.0,476.0,928.0,883.0,66.0
1659796500.0,117,1659795989.0,1153.0,785.0,1368.0,C23_,DOMESTIC,0,0,0,CashOutEmv,5548.0,10399.0,812.0,1779.0,117,23929.0,0.0,17562.0,14722.0,24119.0,OK,330.0,1.0,280.0,276.0,44.0,74.0,59.0,4.0,174.0,142.0,0.0,0.0,1.0,CUSTOMER_CANCEL,CUSTOMER_ENTERING_PIN,1659796500.0,5.0,2.0,117,745.0,2.0,766.0,555.0,405.0,76.0
1659796500.0,118,1659796500.0,545.0,927.0,186.0,C23_,DOMESTIC,0,WAHR,WITHDRAWAL_NATIONAL,CashOutEmv,10265.0,4662.0,363.0,7299.0,118,3594.0,0.0,22964.0,7544.0,17953.0,NOK,176.0,1.0,169.0,301.0,135.0,31.0,34.0,4.0,386.0,194.0,1.0,0.0,2.0,CUSTOMER_CANCEL,WAITING_FOR_CARD,1659796147.0,16.0,6.0,118,638.0,26.0,402.0,536.0,701.0,131.0
1659796500.0,119,1659796500.0,167.0,932.0,882.0,0,0,0,0,WITHDRAWAL_NATIONAL,0,12774.0,14473.0,4436.0,4739.0,119,12699.0,1.0,25224.0,6399.0,12383.0,NOK,621.0,0.0,313.0,277.0,5.0,23.0,78.0,0.0,693.0,32.0,1.0,0.0,0.0,0,KIXCLC_READING_AND_CHECKING_CHIP_INFORMATION,1659796264.0,13.0,11.0,119,593.0,16.0,466.0,293.0,783.0,115.0
1659796500.0,120,1659796225.0,2526.0,1198.0,3343.0,C23_,0,DOMESTIC,0,0,CashOutEmv,10453.0,16401.0,3908.0,8463.0,120,3958.0,0.0,25277.0,5933.0,31475.0,CNCL,422.0,1.0,270.0,300.0,22.0,45.0,39.0,2.0,183.0,193.0,1.0,1.0,2.0,CONTACTLESS_COMMUNICATION_ERROR,CUSTOMER_ENTERING_PIN,1659796500.0,15.0,9.0,120,75.0,30.0,722.0,558.0,328.0,65.0
1659796171.0,121,1659796500.0,807.0,942.0,3694.0,0,0,DOMESTIC,WAHR,0,0,10107.0,15317.0,6394.0,8017.0,121,10686.0,1.0,19399.0,4034.0,14581.0,CNCL,436.0,0.0,907.0,182.0,142.0,67.0,10.0,0.0,485.0,242.0,1.0,1.0,1.0,0,WAITING_FOR_CARD,1659796500.0,8.0,16.0,121,577.0,12.0,662.0,266.0,219.0,88.0
1659796500.0,122,1659796347.0,1673.0,456.0,3393.0,C23_,DOMESTIC,DOMESTIC,WAHR,0,CashOutEmv,5822.0,13427.0,9353.0,14209.0,122,24894.0,0.0,23301.0,24921.0,6134.0,NOK,155.0,1.0,654.0,311.0,133.0,32.0,35.0,4.0,391.0,145.0,1.0,0.0,2.0,CUSTOMER_CANCEL,WAITING_FOR_CARD,1659796341.0,3.0,6.0,122,230.0,19.0,468.0,325.0,805.0,88.0
1659796500.0,123,1659796323.0,776.0,513.0,6120.0,C23_,DOMESTIC,0,0,WITHDRAWAL_NATIONAL,0,11966.0,14560.0,7851.0,11124.0,123,92.0,1.0,24046.0,2669.0,23320.0,NOK,92.0,0.0,340.0,289.0,67.0,140.0,79.0,0.0,364.0,2.0,1.0,0.0,1.0,0,WAITING_FOR_CARD,1659796500.0,10.0,9.0,123,507.0,18.0,758.0,619.0,700.0,105.0
1659796500.0,124,1659796041.0,1280.0,1218.0,6462.0,C23_,DOMESTIC,DOMESTIC,0,WITHDRAWAL_NATIONAL,CashOutEmv,5123.0,13906.0,12407.0,9523.0,124,4921.0,0.0,18765.0,5378.0,1954.0,CNCL,97.0,0.0,187.0,224.0,23.0,56.0,62.0,16.0,658.0,2.0,1.0,0.0,2.0,0,CUSTOMER_SELECTING_TRANSACTION,1659796500.0,10.0,10.0,124,578.0,28.0,330.0,879.0,662.0,117.0
1659796500.0,125,1659796492.0,3203.0,564.0,4204.0,C23_,0,DOMESTIC,WAHR,0,CashOutEmv,7632.0,8657.0,3730.0,12209.0,125,650.0,0.0,9759.0,24119.0,25298.0,CNCL,666.0,0.0,263.0,254.0,7.0,50.0,24.0,2.0,468.0,145.0,0.0,0.0,1.0,CUSTOMER_CANCEL,WAITING_FOR_CARD,1659796080.0,2.0,14.0,125,24.0,14.0,697.0,28.0,22.0,100.0
1659796478.0,126,1659796500.0,1382.0,324.0,1856.0,0,DOMESTIC,DOMESTIC,WAHR,WITHDRAWAL_NATIONAL,CashOutEmv,5004.0,7648.0,4265.0,8702.0,126,4528.0,0.0,21516.0,22293.0,2614.0,NOK,54.0,1.0,905.0,1.0,4.0,10.0,62.0,4.0,712.0,186.0,1.0,0.0,0.0,CUSTOMER_CANCEL,KIXCLC_READING_AND_CHECKING_CHIP_INFORMATION,1659796363.0,10.0,10.0,126,257.0,29.0,405.0,619.0,12.0,99.0
1659796059.0,127,1659796500.0,3620.0,697.0,3960.0,___N,DOMESTIC,0,WAHR,WITHDRAWAL_NATIONAL,CashOutEmv,10775.0,5871.0,1513.0,13290.0,127,26172.0,0.0,24945.0,25354.0,25917.0,CNCL,435.0,1.0,678.0,135.0,102.0,66.0,37.0,2.0,678.0,122.0,1.0,1.0,1.0,CONTACTLESS_COMMUNICATION_ERROR,KIXCLC_READING_AND_CHECKING_CHIP_INFORMATION,1659796233.0,12.0,6.0,127,712.0,8.0,178.0,907.0,400.0,87.0
1659796500.0,128,1659796168.0,1524.0,1156.0,2292.0,C23_,DOMESTIC,DOMESTIC,WAHR,0,CashOutEmv,4962.0,2476.0,1526.0,2746.0,128,25915.0,0.0,23324.0,6618.0,6624.0,CNCL,204.0,1.0,140.0,294.0,94.0,104.0,30.0,2.0,479.0,177.0,0.0,0.0,1.0,CUSTOMER_CANCEL,CUSTOMER_SELECTING_TRANSACTION,1659796096.0,0.0,15.0,128,172.0,16.0,323.0,394.0,780.0,73.0
1659796500.0,129,1659796500.0,1854.0,206.0,2110.0,0,0,0,WAHR,WITHDRAWAL_NATIONAL,0,14085.0,7599.0,1790.0,12693.0,129,4003.0,0.0,21899.0,12009.0,13067.0,CNCL,388.0,0.0,217.0,152.0,31.0,122.0,22.0,0.0,715.0,159.0,1.0,0.0,2.0,CUSTOMER_CANCEL,CUSTOMER_SELECTING_TRANSACTION,1659796236.0,12.0,7.0,129,119.0,20.0,645.0,780.0,508.0,116.0
1659796392.0,130,1659796214.0,4580.0,414.0,4927.0,C23_,0,DOMESTIC,0,0,0,7890.0,10339.0,17869.0,13809.0,130,16560.0,0.0,25509.0,10479.0,27870.0,CNCL,639.0,0.0,23.0,243.0,105.0,57.0,27.0,2.0,62.0,150.0,1.0,4.0,2.0,CONTACTLESS_COMMUNICATION_ERROR,KIXCLC_READING_AND_CHECKING_CHIP_INFORMATION,1659796500.0,8.0,9.0,130,399.0,7.0,780.0,37.0,919.0,86.0
1659796465.0,131,1659796500.0,351.0,464.0,6254.0,0,DOMESTIC,DOMESTIC,0,WITHDRAWAL_NATIONAL,0,6145.0,8372.0,6294.0,10731.0,131,1830.0,1.0,20619.0,13355.0,18154.0,CNCL,462.0,0.0,699.0,222.0,115.0,138.0,79.0,4.0,532.0,205.0,1.0,1.0,1.0,0,WAITING_FOR_CARD,1659796500.0,14.0,11.0,131,515.0,17.0,473.0,223.0,43.0,107.0
1659795972.0,132,1659796500.0,2583.0,341.0,6161.0,___N,0,DOMESTIC,0,0,0,5993.0,436.0,530.0,15597.0,132,11906.0,0.0,17447.0,3603.0,13397.0,NOK,195.0,1.0,448.0,97.0,52.0,52.0,38.0,2.0,38.0,124.0,0.0,0.0,1.0,CUSTOMER_CANCEL,KIXCLC_READING_AND_CHECKING_CHIP_INFORMATION,1659796500.0,6.0,9.0,132,98.0,8.0,237.0,630.0,716.0,87.0
1659796500.0,133,1659796500.0,1626.0,385.0,6595.0,___N,0,0,WAHR,0,CashOutEmv,13867.0,9603.0,3503.0,10598.0,133,4998.0,1.0,21200.0,4057.0,5650.0,OK,44.0,1.0,893.0,169.0,129.0,100.0,76.0,0.0,383.0,256.0,0.0,1.0,2.0,CUSTOMER_CANCEL,CUSTOMER_SELECTING_TRANSACTION,1659796500.0,1.0,2.0,133,731.0,15.0,507.0,252.0,297.0,64.0
1659796014.0,134,1659796300.0,3003.0,1042.0,6469.0,C23_,0,0,0,WITHDRAWAL_NATIONAL,CashOutEmv,1081.0,3218.0,3811.0,4123.0,134,3253.0,1.0,24935.0,23075.0,5871.0,NOK,316.0,0.0,592.0,296.0,54.0,69.0,44.0,2.0,430.0,144.0,1.0,0.0,1.0,0,WAITING_FOR_CARD,1659796500.0,14.0,11.0,134,572.0,29.0,759.0,452.0,804.0,82.0
1659796500.0,135,1659796500.0,3709.0,647.0,3686.0,C23_,0,DOMESTIC,WAHR,0,0,9803.0,14066.0,3413.0,13676.0,135,4434.0,0.0,9949.0,18070.0,24491.0,NOK,374.0,0.0,207.0,288.0,10.0,39.0,18.0,16.0,420.0,172.0,1.0,0.0,2.0,CUSTOMER_CANCEL,0,1659796500.0,3.0,15.0,135,740.0,25.0,774.0,709.0,935.0,115.0
1659796079.0,136,1659796256.0,2570.0,210.0,6911.0,0,0,DOMESTIC,WAHR,0,CashOutEmv,4531.0,3222.0,8587.0,2449.0,136,399.0,1.0,26196.0,6878.0,373.0,CNCL,313.0,0.0,589.0,278.0,70.0,52.0,47.0,2.0,606.0,177.0,1.0,0.0,1.0,0,WAITING_FOR_CARD,1659796500.0,14.0,12.0,136,49.0,10.0,777.0,966.0,782.0,86.0
1659796309.0,137,1659796500.0,353.0,1042.0,1312.0,C23_,DOMESTIC,DOMESTIC,WAHR,0,CashOutEmv,8142.0,7198.0,4363.0,10086.0,137,3679.0,1.0,6442.0,27971.0,13374.0,NOK,592.0,0.0,691.0,290.0,81.0,59.0,85.0,0.0,488.0,23.0,1.0,0.0,2.0,CUSTOMER_CANCEL,KIXCLC_READING_AND_CHECKING_CHIP_INFORMATION,1659796422.0,1.0,5.0,137,618.0,10.0,579.0,930.0,156.0,68.0
1659796500.0,138,1659796167.0,4119.0,1037.0,4880.0,C23_,0,DOMESTIC,0,0,0,1479.0,12686.0,109.0,3268.0,138,2036.0,0.0,21109.0,15473.0,6790.0,CNCL,279.0,1.0,165.0,275.0,25.0,89.0,48.0,4.0,389.0,168.0,0.0,0.0,0.0,CUSTOMER_CANCEL,CUSTOMER_SELECTING_TRANSACTION,1659796164.0,5.0,10.0,138,862.0,16.0,506.0,782.0,588.0,66.0
1659796057.0,139,1659796500.0,3890.0,233.0,1388.0,C23_,DOMESTIC,DOMESTIC,0,0,CashOutEmv,3309.0,17282.0,20057.0,4727.0,139,954.0,0.0,24497.0,17829.0,20135.0,OK,492.0,1.0,442.0,191.0,45.0,44.0,58.0,0.0,152.0,254.0,0.0,4.0,2.0,CONTACTLESS_COMMUNICATION_ERROR,CUSTOMER_ENTERING_PIN,1659796500.0,15.0,3.0,139,212.0,23.0,412.0,283.0,304.0,64.0
1659796500.0,140,1659796224.0,808.0,628.0,5756.0,C23_,0,0,0,0,0,13352.0,9498.0,1522.0,10577.0,140,11217.0,0.0,14410.0,27775.0,28456.0,OK,559.0,0.0,723.0,328.0,139.0,35.0,69.0,0.0,54.0,190.0,0.0,0.0,0.0,CUSTOMER_CANCEL,CUSTOMER_ENTERING_PIN,1659796318.0,3.0,6.0,140,569.0,27.0,275.0,908.0,849.0,102.0
1659795981.0,141,1659796435.0,4153.0,43.0,4807.0,___N,DOMESTIC,0,WAHR,0,0,3390.0,12313.0,18058.0,13625.0,141,924.0,0.0,26017.0,18407.0,30812.0,CNCL,474.0,1.0,375.0,196.0,32.0,36.0,56.0,2.0,109.0,63.0,0.0,4.0,2.0,CONTACTLESS_COMMUNICATION_ERROR,0,1659796500.0,1.0,8.0,141,182.0,8.0,345.0,444.0,308.0,99.0
1659796014.0,142,1659796500.0,162.0,142.0,862.0,C23_,0,DOMESTIC,WAHR,WITHDRAWAL_NATIONAL,0,9583.0,3015.0,19050.0,2468.0,142,11453.0,0.0,23753.0,16833.0,25078.0,CNCL,206.0,0.0,86.0,193.0,72.0,144.0,60.0,4.0,233.0,89.0,0.0,4.0,0.0,CONTACTLESS_COMMUNICATION_ERROR,WAITING_FOR_CARD,1659796402.0,15.0,6.0,142,172.0,8.0,751.0,764.0,667.0,125.0
1659796493.0,143,1659796500.0,406.0,759.0,864.0,0,0,0,0,WITHDRAWAL_NATIONAL,CashOutEmv,1865.0,16552.0,5246.0,12326.0,143,2639.0,1.0,5020.0,18561.0,14458.0,CNCL,538.0,0.0,551.0,309.0,106.0,39.0,79.0,16.0,517.0,2.0,1.0,1.0,2.0,CUSTOMER_CANCEL,WAITING_FOR_CARD,1659796309.0,8.0,15.0,143,54.0,16.0,158.0,106.0,498.0,94.0
1659796067.0,144,1659796500.0,919.0,351.0,4173.0,C23_,0,0,0,WITHDRAWAL_NATIONAL,0,11561.0,12439.0,1264.0,7671.0,144,16086.0,0.0,11634.0,15653.0,18607.0,NOK,441.0,1.0,457.0,302.0,86.0,43.0,34.0,0.0,203.0,80.0,1.0,1.0,2.0,CUSTOMER_CANCEL,0,1659796500.0,6.0,15.0,144,608.0,22.0,541.0,464.0,202.0,92.0
1659796500.0,145,1659796500.0,3250.0,306.0,1995.0,0,DOMESTIC,DOMESTIC,WAHR,WITHDRAWAL_NATIONAL,0,8744.0,3279.0,1736.0,14798.0,145,12414.0,0.0,13362.0,23170.0,22858.0,CNCL,189.0,1.0,321.0,314.0,129.0,38.0,32.0,4.0,67.0,74.0,0.0,0.0,0.0,CUSTOMER_CANCEL,CUSTOMER_SELECTING_TRANSACTION,1659796483.0,5.0,8.0,145,31.0,25.0,798.0,522.0,131.0,72.0
1659796355.0,146,1659796500.0,520.0,904.0,2972.0,0,DOMESTIC,0,WAHR,WITHDRAWAL_NATIONAL,CashOutEmv,13368.0,16761.0,3579.0,3286.0,146,1814.0,1.0,7210.0,6158.0,12298.0,NOK,279.0,0.0,920.0,52.0,2.0,66.0,58.0,2.0,593.0,117.0,1.0,0.0,1.0,CUSTOMER_CANCEL,KIXCLC_READING_AND_CHECKING_CHIP_INFORMATION,1659796416.0,1.0,1.0,146,251.0,21.0,559.0,815.0,282.0,129.0
1659796500.0,147,1659796328.0,1342.0,339.0,6204.0,C23_,DOMESTIC,DOMESTIC,0,0,0,504.0,8206.0,792.0,9132.0,147,20039.0,1.0,23899.0,5514.0,22883.0,CNCL,105.0,0.0,820.0,328.0,50.0,93.0,70.0,4.0,37.0,159.0,0.0,0.0,0.0,0,CUSTOMER_SELECTING_TRANSACTION,1659796144.0,13.0,5.0,147,746.0,10.0,690.0,504.0,145.0,101.0
1659796455.0,148,1659796295.0,1015.0,335.0,1171.0,___N,DOMESTIC,DOMESTIC,0,WITHDRAWAL_NATIONAL,CashOutEmv,8104.0,8394.0,14302.0,15745.0,148,2977.0,0.0,351.0,22481.0,26427.0,NOK,452.0,1.0,758.0,329.0,112.0,45.0,17.0,2.0,659.0,98.0,1.0,1.0,2.0,CONTACTLESS_COMMUNICATION_ERROR,0,1659796208.0,0.0,8.0,148,566.0,2.0,722.0,569.0,56.0,126.0
1659796051.0,149,1659796500.0,665.0,484.0,5920.0,___N,0,DOMESTIC,0,WITHDRAWAL_NATIONAL,CashOutEmv,10052.0,2596.0,7399.0,12126.0,149,303.0,1.0,8481.0,6174.0,1866.0,CNCL,213.0,0.0,490.0,304.0,107.0,78.0,82.0,16.0,314.0,28.0,1.0,1.0,1.0,0,CUSTOMER_ENTERING_PIN,1659796500.0,11.0,5.0,149,204.0,14.0,709.0,731.0,806.0,88.0
1659796500.0,150,1659796028.0,3291.0,326.0,4347.0,C23_,DOMESTIC,DOMESTIC,WAHR,WITHDRAWAL_NATIONAL,CashOutEmv,1153.0,11393.0,7244.0,5662.0,150,1282.0,0.0,25016.0,28149.0,559.0,CNCL,307.0,1.0,228.0,116.0,63.0,66.0,41.0,4.0,172.0,134.0,0.0,4.0,2.0,CONTACTLESS_COMMUNICATION_ERROR,KIXCLC_READING_AND_CHECKING_CHIP_INFORMATION,1659796442.0,4.0,6.0,150,553.0,30.0,379.0,979.0,464.0,67.0
1659796500.0,151,1659796452.0,3360.0,349.0,3582.0,0,DOMESTIC,0,0,WITHDRAWAL_NATIONAL,0,8709.0,14227.0,3492.0,14889.0,151,3886.0,0.0,17451.0,12698.0,22843.0,NOK,134.0,1.0,178.0,305.0,125.0,42.0,35.0,2.0,51.0,114.0,1.0,0.0,2.0,CUSTOMER_CANCEL,0,1659796500.0,15.0,11.0,151,386.0,8.0,224.0,741.0,731.0,68.0
1659796500.0,152,1659796391.0,2872.0,327.0,4549.0,C23_,DOMESTIC,0,0,WITHDRAWAL_NATIONAL,CashOutEmv,10467.0,9849.0,7218.0,5636.0,152,2948.0,0.0,25836.0,25192.0,6775.0,CNCL,368.0,1.0,792.0,117.0,58.0,11.0,41.0,0.0,145.0,84.0,1.0,4.0,0.0,CONTACTLESS_COMMUNICATION_ERROR,KIXCLC_READING_AND_CHECKING_CHIP_INFORMATION,1659796500.0,14.0,10.0,152,187.0,8.0,64.0,980.0,471.0,99.0
1659796325.0,153,1659796500.0,808.0,633.0,1054.0,C23_,0,0,0,WITHDRAWAL_NATIONAL,CashOutEmv,10655.0,1764.0,12894.0,15241.0,153,20859.0,0.0,12026.0,12648.0,20355.0,CNCL,320.0,0.0,4.0,249.0,55.0,32.0,52.0,2.0,695.0,168.0,1.0,1.0,0.0,CONTACTLESS_COMMUNICATION_ERROR,WAITING_FOR_CARD,1659796004.0,14.0,13.0,153,69.0,16.0,356.0,743.0,548.0,106.0
1659796500.0,154,1659796431.0,723.0,667.0,272.0,___N,0,0,0,0,0,5070.0,14234.0,5190.0,7835.0,154,20470.0,1.0,14771.0,21022.0,14842.0,OK,235.0,1.0,110.0,62.0,87.0,79.0,69.0,0.0,582.0,235.0,0.0,1.0,1.0,CUSTOMER_CANCEL,0,1659796500.0,14.0,0.0,154,321.0,7.0,309.0,650.0,263.0,127.0
1659796144.0,155,1659796327.0,2376.0,38.0,477.0,0,DOMESTIC,0,0,WITHDRAWAL_NATIONAL,CashOutEmv,5550.0,15070.0,4999.0,2114.0,155,20614.0,1.0,24843.0,18988.0,15274.0,OK,254.0,1.0,564.0,353.0,58.0,48.0,56.0,2.0,79.0,128.0,0.0,0.0,0.0,0,CUSTOMER_ENTERING_PIN,1659796500.0,10.0,13.0,155,792.0,28.0,137.0,87.0,203.0,92.0
1659796095.0,156,1659796500.0,1130.0,86.0,5312.0,C23_,0,DOMESTIC,0,0,CashOutEmv,8766.0,3882.0,4444.0,13878.0,156,24018.0,0.0,22283.0,16880.0,6521.0,CNCL,129.0,1.0,83.0,299.0,74.0,66.0,31.0,0.0,431.0,190.0,0.0,0.0,2.0,CUSTOMER_CANCEL,CUSTOMER_SELECTING_TRANSACTION,1659796500.0,7.0,11.0,156,39.0,13.0,455.0,335.0,706.0,90.0
1659796500.0,157,1659796240.0,3654.0,238.0,6905.0,C23_,0,0,0,WITHDRAWAL_NATIONAL,0,1421.0,7658.0,9112.0,14120.0,157,12194.0,0.0,25319.0,27471.0,28032.0,CNCL,471.0,0.0,693.0,254.0,16.0,72.0,26.0,2.0,107.0,179.0,1.0,1.0,2.0,CONTACTLESS_COMMUNICATION_ERROR,KIXCLC_READING_AND_CHECKING_CHIP_INFORMATION,1659796500.0,1.0,2.0,157,916.0,8.0,741.0,462.0,949.0,121.0
1659796198.0,158,1659796500.0,3131.0,686.0,6287.0,0,0,DOMESTIC,0,WITHDRAWAL_NATIONAL,CashOutEmv,10090.0,1805.0,11492.0,5086.0,158,2130.0,1.0,13808.0,15258.0,13067.0,NOK,126.0,1.0,713.0,218.0,47.0,89.0,65.0,4.0,346.0,53.0,0.0,4.0,2.0,0,WAITING_FOR_CARD,1659796500.0,1.0,13.0,158,147.0,12.0,48.0,852.0,806.0,65.0
1659796500.0,159,1659796500.0,1399.0,617.0,7025.0,0,0,DOMESTIC,WAHR,WITHDRAWAL_NATIONAL,0,7797.0,14143.0,18424.0,12057.0,159,3466.0,0.0,24357.0,18836.0,11311.0,CNCL,598.0,0.0,722.0,34.0,57.0,106.0,27.0,16.0,607.0,246.0,1.0,4.0,0.0,CONTACTLESS_COMMUNICATION_ERROR,KIXCLC_READING_AND_CHECKING_CHIP_INFORMATION,1659796500.0,1.0,15.0,159,494.0,18.0,243.0,512.0,825.0,122.0
1659796500.0,160,1659796382.0,4625.0,769.0,1542.0,___N,0,DOMESTIC,0,WITHDRAWAL_NATIONAL,CashOutEmv,13335.0,16034.0,9829.0,2902.0,160,20910.0,1.0,6873.0,6754.0,15022.0,NOK,321.0,1.0,236.0,282.0,24.0,19.0,46.0,2.0,566.0,174.0,0.0,0.0,0.0,CUSTOMER_CANCEL,KIXCLC_READING_AND_CHECKING_CHIP_INFORMATION,1659796500.0,5.0,17.0,160,145.0,22.0,231.0,900.0,299.0,106.0
1659796500.0,161,1659796200.0,3450.0,554.0,6685.0,0,DOMESTIC,DOMESTIC,WAHR,WITHDRAWAL_NATIONAL,CashOutEmv,3415.0,947.0,12233.0,2868.0,161,249.0,1.0,14730.0,11912.0,17875.0,CNCL,514.0,0.0,80.0,197.0,84.0,144.0,48.0,4.0,244.0,62.0,0.0,4.0,1.0,CUSTOMER_CANCEL,KIXCLC_READING_AND_CHECKING_CHIP_INFORMATION,1659796015.0,13.0,5.0,161,610.0,4.0,15.0,610.0,468.0,109.0
1659796267.0,162,1659796368.0,91.0,809.0,5428.0,___N,0,DOMESTIC,WAHR,WITHDRAWAL_NATIONAL,0,2051.0,9732.0,13818.0,12684.0,162,12552.0,0.0,24054.0,17451.0,4831.0,CNCL,241.0,1.0,624.0,342.0,110.0,69.0,8.0,16.0,533.0,28.0,0.0,1.0,2.0,CONTACTLESS_COMMUNICATION_ERROR,KIXCLC_READING_AND_CHECKING_CHIP_INFORMATION,1659796500.0,16.0,14.0,162,398.0,17.0,700.0,300.0,984.0,129.0
1659796500.0,163,1659796205.0,2384.0,323.0,6003.0,___N,0,DOMESTIC,0,0,CashOutEmv,10139.0,7973.0,556.0,14182.0,163,16090.0,0.0,21474.0,10536.0,14785.0,CNCL,124.0,1.0,266.0,301.0,127.0,87.0,39.0,2.0,629.0,76.0,1.0,0.0,2.0,CUSTOMER_CANCEL,WAITING_FOR_CARD,1659796500.0,15.0,14.0,163,350.0,3.0,550.0,1.0,935.0,68.0
1659796128.0,164,1659796500.0,76.0,174.0,1194.0,C23_,0,DOMESTIC,0,WITHDRAWAL_NATIONAL,0,4852.0,114.0,9267.0,2932.0,164,8514.0,0.0,25019.0,7990.0,26460.0,OK,223.0,0.0,466.0,299.0,140.0,61.0,64.0,0.0,146.0,59.0,0.0,4.0,1.0,CONTACTLESS_COMMUNICATION_ERROR,WAITING_FOR_CARD,1659796102.0,11.0,8.0,164,245.0,10.0,45.0,369.0,682.0,128.0
1659796500.0,165,1659796500.0,3686.0,844.0,4128.0,C23_,0,DOMESTIC,WAHR,0,CashOutEmv,5573.0,10329.0,9393.0,16167.0,165,16208.0,0.0,10044.0,8114.0,7860.0,NOK,252.0,1.0,247.0,311.0,141.0,45.0,39.0,2.0,174.0,200.0,1.0,0.0,2.0,CUSTOMER_CANCEL,WAITING_FOR_CARD,1659795963.0,15.0,3.0,165,19.0,1.0,325.0,570.0,322.0,73.0
1659796412.0,166,1659795984.0,1094.0,904.0,6258.0,C23_,0,0,WAHR,0,0,6565.0,10851.0,10072.0,9423.0,166,10777.0,0.0,24399.0,8908.0,19933.0,CNCL,144.0,1.0,737.0,49.0,58.0,140.0,72.0,2.0,127.0,209.0,0.0,4.0,1.0,CONTACTLESS_COMMUNICATION_ERROR,KIXCLC_READING_AND_CHECKING_CHIP_INFORMATION,1659796405.0,4.0,15.0,166,288.0,26.0,765.0,877.0,970.0,116.0
1659796095.0,167,1659796500.0,2258.0,174.0,2748.0,___N,DOMESTIC,DOMESTIC,0,WITHDRAWAL_NATIONAL,CashOutEmv,3232.0,7554.0,17117.0,4190.0,167,17468.0,1.0,13557.0,4194.0,14464.0,CNCL,580.0,1.0,917.0,185.0,83.0,51.0,49.0,2.0,572.0,250.0,0.0,4.0,2.0,0,KIXCLC_READING_AND_CHECKING_CHIP_INFORMATION,1659796251.0,11.0,1.0,167,199.0,7.0,510.0,165.0,123.0,127.0
1659796262.0,168,1659796500.0,4208.0,608.0,1429.0,0,0,DOMESTIC,0,WITHDRAWAL_NATIONAL,0,9041.0,8886.0,2751.0,12255.0,168,24204.0,1.0,23709.0,20302.0,21497.0,NOK,31.0,1.0,604.0,341.0,57.0,68.0,1.0,16.0,664.0,270.0,0.0,0.0,2.0,0,KIXCLC_READING_AND_CHECKING_CHIP_INFORMATION,1659796500.0,7.0,7.0,168,66.0,16.0,450.0,429.0,908.0,76.0
1659796500.0,169,1659796446.0,2380.0,243.0,2915.0,C23_,DOMESTIC,0,0,WITHDRAWAL_NATIONAL,CashOutEmv,909.0,440.0,20141.0,5872.0,169,9949.0,0.0,24971.0,27959.0,25433.0,CNCL,329.0,1.0,771.0,116.0,64.0,69.0,35.0,0.0,227.0,260.0,0.0,4.0,2.0,CONTACTLESS_COMMUNICATION_ERROR,KIXCLC_READING_AND_CHECKING_CHIP_INFORMATION,1659796105.0,15.0,8.0,169,260.0,18.0,437.0,855.0,441.0,66.0
1659796500.0,170,1659796470.0,3424.0,204.0,6890.0,C23_,DOMESTIC,DOMESTIC,WAHR,WITHDRAWAL_NATIONAL,CashOutEmv,5061.0,2409.0,12237.0,3814.0,170,2015.0,1.0,19726.0,18657.0,24701.0,OK,153.0,0.0,417.0,236.0,25.0,110.0,59.0,0.0,154.0,49.0,0.0,4.0,2.0,CONTACTLESS_COMMUNICATION_ERROR,CUSTOMER_SELECTING_TRANSACTION,1659796500.0,3.0,17.0,170,270.0,10.0,23.0,855.0,754.0,70.0
1659796141.0,171,1659796319.0,1357.0,727.0,4849.0,___N,0,DOMESTIC,WAHR,WITHDRAWAL_NATIONAL,CashOutEmv,1376.0,560.0,14072.0,4417.0,171,26075.0,1.0,14706.0,10148.0,20395.0,NOK,158.0,1.0,716.0,5.0,55.0,103.0,61.0,0.0,359.0,213.0,0.0,4.0,0.0,CUSTOMER_CANCEL,WAITING_FOR_CARD,1659795976.0,10.0,7.0,171,206.0,27.0,467.0,12.0,743.0,130.0
1659795984.0,172,1659796500.0,641.0,462.0,610.0,C23_,DOMESTIC,0,WAHR,WITHDRAWAL_NATIONAL,0,1756.0,12654.0,3355.0,11509.0,172,12503.0,1.0,1432.0,11536.0,23123.0,NOK,373.0,0.0,696.0,75.0,43.0,85.0,10.0,4.0,480.0,72.0,1.0,1.0,1.0,CONTACTLESS_COMMUNICATION_ERROR,0,1659796500.0,8.0,15.0,172,228.0,11.0,15.0,530.0,179.0,92.0
1659796500.0,173,1659796500.0,804.0,283.0,234.0,C23_,0,0,WAHR,0,0,7198.0,13106.0,19493.0,12186.0,173,5211.0,0.0,25308.0,25768.0,7603.0,CNCL,626.0,0.0,771.0,3.0,52.0,12.0,19.0,0.0,167.0,251.0,1.0,4.0,0.0,CONTACTLESS_COMMUNICATION_ERROR,KIXCLC_READING_AND_CHECKING_CHIP_INFORMATION,1659796500.0,10.0,10.0,173,568.0,17.0,432.0,148.0,888.0,75.0
1659796500.0,174,1659796010.0,913.0,917.0,1214.0,0,0,0,0,WITHDRAWAL_NATIONAL,CashOutEmv,304.0,8460.0,4025.0,8089.0,174,19790.0,1.0,7520.0,26699.0,15235.0,CNCL,59.0,0.0,173.0,343.0,131.0,45.0,61.0,2.0,503.0,151.0,0.0,0.0,0.0,CUSTOMER_CANCEL,CUSTOMER_SELECTING_TRANSACTION,1659795960.0,9.0,7.0,174,518.0,14.0,779.0,338.0,889.0,95.0
1659796474.0,175,1659796500.0,3473.0,326.0,4573.0,C23_,DOMESTIC,DOMESTIC,WAHR,0,CashOutEmv,11942.0,6420.0,7804.0,6386.0,175,2702.0,0.0,24414.0,8873.0,20717.0,CNCL,365.0,1.0,807.0,85.0,52.0,110.0,43.0,16.0,136.0,126.0,1.0,4.0,0.0,CONTACTLESS_COMMUNICATION_ERROR,KIXCLC_READING_AND_CHECKING_CHIP_INFORMATION,1659796271.0,12.0,15.0,175,609.0,10.0,508.0,511.0,405.0,73.0
1659796150.0,176,1659796439.0,99.0,767.0,652.0,C23_,0,DOMESTIC,WAHR,0,CashOutEmv,7786.0,2588.0,1420.0,12235.0,176,3488.0,0.0,23047.0,7010.0,12843.0,CNCL,571.0,0.0,161.0,135.0,74.0,95.0,17.0,0.0,613.0,41.0,1.0,0.0,2.0,CUSTOMER_CANCEL,WAITING_FOR_CARD,1659796500.0,14.0,6.0,176,249.0,28.0,214.0,82.0,795.0,87.0
1659796500.0,177,1659796380.0,1447.0,225.0,3197.0,C23_,0,DOMESTIC,0,0,CashOutEmv,14431.0,4747.0,51.0,15752.0,177,3651.0,0.0,21556.0,9529.0,7948.0,NOK,62.0,0.0,309.0,351.0,128.0,59.0,64.0,2.0,368.0,151.0,1.0,0.0,2.0,CUSTOMER_CANCEL,KIXCLC_READING_AND_CHECKING_CHIP_INFORMATION,1659796330.0,2.0,7.0,177,269.0,0.0,520.0,425.0,49.0,68.0
1659796153.0,178,1659796337.0,4590.0,768.0,6807.0,___N,0,0,0,WITHDRAWAL_NATIONAL,0,818.0,8661.0,14592.0,2034.0,178,2530.0,0.0,24449.0,9237.0,30054.0,CNCL,510.0,1.0,796.0,333.0,108.0,127.0,22.0,2.0,105.0,113.0,0.0,1.0,1.0,CONTACTLESS_COMMUNICATION_ERROR,KIXCLC_READING_AND_CHECKING_CHIP_INFORMATION,1659796500.0,12.0,3.0,178,763.0,9.0,441.0,537.0,842.0,116.0
1659796500.0,179,1659796186.0,247.0,339.0,4277.0,C23_,0,DOMESTIC,0,0,CashOutEmv,11339.0,13891.0,19721.0,5708.0,179,3721.0,0.0,24877.0,15548.0,25438.0,NOK,342.0,1.0,807.0,58.0,54.0,35.0,42.0,4.0,165.0,169.0,1.0,4.0,0.0,CONTACTLESS_COMMUNICATION_ERROR,CUSTOMER_ENTERING_PIN,1659796500.0,4.0,12.0,179,489.0,27.0,752.0,760.0,198.0,91.0
1659796302.0,180,1659796500.0,336.0,684.0,6248.0,0,0,0,0,WITHDRAWAL_NATIONAL,CashOutEmv,7348.0,3957.0,4361.0,4759.0,180,3326.0,1.0,24943.0,17880.0,30659.0,NOK,597.0,1.0,261.0,100.0,103.0,20.0,84.0,4.0,57.0,217.0,1.0,0.0,0.0,0,KIXCLC_READING_AND_CHECKING_CHIP_INFORMATION,1659796433.0,6.0,9.0,180,759.0,28.0,790.0,282.0,751.0,91.0
1659796500.0,181,1659796021.0,1978.0,454.0,6061.0,0,0,0,0,0,0,10153.0,13124.0,2751.0,3572.0,181,12569.0,1.0,25515.0,27814.0,20084.0,NOK,607.0,0.0,299.0,245.0,34.0,64.0,53.0,2.0,658.0,149.0,1.0,0.0,1.0,0,KIXCLC_READING_AND_CHECKING_CHIP_INFORMATION,1659796500.0,10.0,13.0,181,518.0,11.0,795.0,738.0,891.0,129.0
1659796346.0,182,1659796190.0,3315.0,530.0,4501.0,___N,0,DOMESTIC,0,WITHDRAWAL_NATIONAL,0,7687.0,4348.0,19128.0,13647.0,182,10264.0,0.0,23650.0,25404.0,22994.0,CNCL,613.0,0.0,519.0,246.0,17.0,120.0,29.0,2.0,581.0,163.0,0.0,4.0,1.0,CONTACTLESS_COMMUNICATION_ERROR,KIXCLC_READING_AND_CHECKING_CHIP_INFORMATION,1659796077.0,8.0,11.0,182,47.0,7.0,735.0,216.0,984.0,106.0
1659796500.0,183,1659796265.0,2739.0,827.0,5517.0,C23_,0,DOMESTIC,0,WITHDRAWAL_NATIONAL,CashOutEmv,10421.0,8772.0,18632.0,10077.0,183,122.0,0.0,25517.0,6340.0,21055.0,OK,371.0,1.0,726.0,67.0,51.0,42.0,37.0,16.0,170.0,131.0,0.0,4.0,2.0,CONTACTLESS_COMMUNICATION_ERROR,CUSTOMER_ENTERING_PIN,1659796500.0,14.0,0.0,183,428.0,14.0,489.0,855.0,186.0,92.0
1659796500.0,184,1659796458.0,156.0,664.0,643.0,___N,0,0,0,0,0,12882.0,16615.0,2844.0,8247.0,184,18280.0,0.0,23074.0,14471.0,23924.0,NOK,187.0,1.0,167.0,319.0,132.0,42.0,32.0,2.0,648.0,49.0,1.0,0.0,2.0,CUSTOMER_CANCEL,0,1659796500.0,5.0,17.0,184,697.0,27.0,728.0,492.0,909.0,71.0
1659796311.0,185,1659796500.0,1003.0,75.0,1508.0,___N,DOMESTIC,0,0,WITHDRAWAL_NATIONAL,CashOutEmv,5923.0,12948.0,7290.0,2584.0,185,12367.0,1.0,2624.0,25279.0,14087.0,CNCL,425.0,1.0,709.0,285.0,38.0,96.0,51.0,0.0,566.0,174.0,1.0,1.0,1.0,0,CUSTOMER_ENTERING_PIN,1659796393.0,1.0,14.0,185,901.0,3.0,76.0,112.0,298.0,123.0
1659795960.0,186,1659796184.0,342.0,483.0,157.0,___N,0,DOMESTIC,WAHR,WITHDRAWAL_NATIONAL,CashOutEmv,3290.0,17103.0,4896.0,13494.0,186,18319.0,0.0,22434.0,25823.0,6533.0,NOK,237.0,0.0,71.0,233.0,94.0,91.0,20.0,2.0,409.0,77.0,1.0,0.0,2.0,CUSTOMER_CANCEL,WAITING_FOR_CARD,1659796325.0,9.0,6.0,186,183.0,3.0,542.0,118.0,542.0,81.0
1659796063.0,187,1659796500.0,2788.0,117.0,4371.0,C23_,DOMESTIC,0,WAHR,0,CashOutEmv,5964.0,11598.0,19970.0,14855.0,187,25266.0,0.0,23631.0,26775.0,25247.0,CNCL,159.0,1.0,517.0,241.0,14.0,136.0,35.0,0.0,201.0,265.0,1.0,4.0,1.0,CONTACTLESS_COMMUNICATION_ERROR,KIXCLC_READING_AND_CHECKING_CHIP_INFORMATION,1659796500.0,16.0,13.0,187,727.0,16.0,583.0,116.0,477.0,70.0
1659796500.0,188,1659796377.0,3509.0,283.0,3187.0,___N,0,DOMESTIC,0,0,0,9155.0,10531.0,1339.0,15278.0,188,18351.0,0.0,16084.0,9077.0,31587.0,OK,186.0,1.0,279.0,322.0,128.0,70.0,37.0,4.0,55.0,177.0,1.0,0.0,0.0,CUSTOMER_CANCEL,0,1659796500.0,0.0,2.0,188,89.0,2.0,757.0,531.0,301.0,123.0
1659796500.0,189,1659796500.0,202.0,792.0,5515.0,C23_,DOMESTIC,DOMESTIC,0,0,0,12888.0,7410.0,2179.0,11400.0,189,20106.0,0.0,23244.0,3108.0,6631.0,NOK,66.0,1.0,680.0,175.0,82.0,121.0,71.0,0.0,432.0,261.0,1.0,0.0,1.0,CUSTOMER_CANCEL,WAITING_FOR_CARD,1659796031.0,14.0,9.0,189,591.0,4.0,241.0,542.0,69.0,86.0
1659796500.0,190,1659796500.0,179.0,794.0,1122.0,0,0,0,WAHR,WITHDRAWAL_NATIONAL,0,4159.0,14196.0,15623.0,7932.0,190,11068.0,1.0,13245.0,21518.0,3280.0,OK,545.0,1.0,352.0,226.0,38.0,121.0,8.0,4.0,291.0,258.0,1.0,4.0,0.0,CONTACTLESS_COMMUNICATION_ERROR,CUSTOMER_ENTERING_PIN,1659796500.0,14.0,11.0,190,789.0,6.0,789.0,22.0,950.0,84.0
1659796164.0,191,1659796500.0,92.0,918.0,577.0,C23_,DOMESTIC,0,WAHR,0,CashOutEmv,8293.0,16081.0,13349.0,7678.0,191,26156.0,0.0,25959.0,15844.0,7580.0,CNCL,657.0,1.0,448.0,76.0,84.0,79.0,69.0,0.0,152.0,232.0,0.0,1.0,1.0,CONTACTLESS_COMMUNICATION_ERROR,CUSTOMER_ENTERING_PIN,1659796500.0,16.0,14.0,191,642.0,20.0,237.0,407.0,400.0,124.0
1659796432.0,192,1659796500.0,2927.0,161.0,679.0,C23_,DOMESTIC,0,WAHR,0,CashOutEmv,283.0,5143.0,19936.0,4385.0,192,2441.0,0.0,25331.0,5563.0,1365.0,CNCL,285.0,1.0,800.0,113.0,63.0,61.0,43.0,0.0,235.0,253.0,0.0,4.0,2.0,CONTACTLESS_COMMUNICATION_ERROR,KIXCLC_READING_AND_CHECKING_CHIP_INFORMATION,1659796500.0,16.0,12.0,192,269.0,16.0,613.0,112.0,459.0,120.0
1659796500.0,193,1659796500.0,2397.0,330.0,6079.0,C23_,0,0,0,0,0,9635.0,14375.0,4009.0,16165.0,193,12728.0,0.0,22968.0,4613.0,7386.0,CNCL,211.0,1.0,313.0,306.0,125.0,65.0,31.0,2.0,434.0,138.0,1.0,0.0,0.0,CUSTOMER_CANCEL,WAITING_FOR_CARD,1659796500.0,15.0,4.0,193,168.0,18.0,467.0,326.0,880.0,110.0
1659796500.0,194,1659796500.0,567.0,317.0,1918.0,___N,0,0,0,0,0,13468.0,10444.0,570.0,7853.0,194,4474.0,0.0,22731.0,27116.0,6006.0,NOK,202.0,1.0,792.0,317.0,124.0,26.0,40.0,2.0,440.0,65.0,1.0,0.0,2.0,CUSTOMER_CANCEL,WAITING_FOR_CARD,1659796500.0,5.0,12.0,194,648.0,3.0,507.0,321.0,917.0,104.0
1659796500.0,195,1659796479.0,192.0,641.0,4088.0,C23_,0,0,0,WITHDRAWAL_NATIONAL,0,789.0,10264.0,7890.0,5853.0,195,664.0,0.0,25569.0,19175.0,7812.0,CNCL,129.0,1.0,195.0,191.0,94.0,59.0,70.0,0.0,156.0,4.0,0.0,4.0,1.0,CONTACTLESS_COMMUNICATION_ERROR,KIXCLC_READING_AND_CHECKING_CHIP_INFORMATION,1659796500.0,4.0,13.0,195,54.0,18.0,721.0,865.0,891.0,97.0
1659796500.0,196,1659796350.0,2541.0,321.0,117.0,C23_,0,DOMESTIC,0,WITHDRAWAL_NATIONAL,CashOutEmv,11491.0,16965.0,18221.0,5741.0,196,25994.0,0.0,25500.0,18753.0,6370.0,OK,337.0,1.0,261.0,85.0,70.0,39.0,38.0,16.0,198.0,119.0,0.0,4.0,0.0,CONTACTLESS_COMMUNICATION_ERROR,CUSTOMER_ENTERING_PIN,1659796500.0,1.0,14.0,196,177.0,30.0,161.0,514.0,212.0,64.0
1659796185.0,197,1659796500.0,569.0,90.0,1971.0,C23_,0,DOMESTIC,0,0,0,12614.0,31.0,13854.0,9582.0,197,10010.0,0.0,25927.0,6763.0,25061.0,CNCL,602.0,1.0,412.0,91.0,88.0,70.0,69.0,0.0,188.0,229.0,0.0,1.0,2.0,CONTACTLESS_COMMUNICATION_ERROR,KIXCLC_READING_AND_CHECKING_CHIP_INFORMATION,1659796500.0,1.0,6.0,197,295.0,18.0,265.0,517.0,734.0,69.0
1659796317.0,198,1659795997.0,1284.0,319.0,4242.0,___N,0,0,WAHR,WITHDRAWAL_NATIONAL,CashOutEmv,6164.0,9897.0,10848.0,3271.0,198,12134.0,1.0,14044.0,27340.0,6570.0,NOK,153.0,0.0,660.0,4.0,71.0,75.0,63.0,0.0,312.0,216.0,1.0,4.0,1.0,0,CUSTOMER_ENTERING_PIN,1659796500.0,16.0,3.0,198,493.0,13.0,289.0,484.0,893.0,91.0
1659795985.0,199,1659796153.0,3668.0,703.0,6705.0,___N,DOMESTIC,DOMESTIC,WAHR,WITHDRAWAL_NATIONAL,0,1023.0,7322.0,9414.0,1960.0,199,448.0,0.0,24585.0,13270.0,14142.0,OK,115.0,1.0,363.0,189.0,47.0,57.0,60.0,2.0,549.0,76.0,0.0,4.0,2.0,CONTACTLESS_COMMUNICATION_ERROR,CUSTOMER_SELECTING_TRANSACTION,1659796382.0,15.0,8.0,199,125.0,9.0,527.0,833.0,118.0,67.0
1659796500.0,200,1659796500.0,399.0,629.0,3465.0,0,DOMESTIC,0,0,0,0,8333.0,2640.0,684.0,11572.0,200,522.0,0.0,22663.0,1004.0,12624.0,CNCL,314.0,0.0,256.0,156.0,30.0,32.0,17.0,0.0,636.0,95.0,0.0,0.0,2.0,CUSTOMER_CANCEL,WAITING_FOR_CARD,1659796494.0,3.0,12.0,200,535.0,16.0,351.0,228.0,698.0,100.0
1659796500.0,201,1659796500.0,3759.0,315.0,2792.0,0,0,DOMESTIC,WAHR,0,CashOutEmv,9171.0,4195.0,7760.0,13474.0,201,17196.0,0.0,22351.0,17870.0,6834.0,NOK,617.0,0.0,791.0,288.0,8.0,77.0,27.0,2.0,684.0,142.0,1.0,0.0,1.0,CUSTOMER_CANCEL,KIXCLC_READING_AND_CHECKING_CHIP_INFORMATION,1659796108.0,10.0,14.0,201,97.0,17.0,495.0,343.0,156.0,90.0
1659796045.0,202,1659796500.0,3188.0,1139.0,675.0,___N,0,0,0,WITHDRAWAL_NATIONAL,0,1571.0,13534.0,4785.0,10464.0,202,1554.0,1.0,14879.0,17737.0,20171.0,CNCL,221.0,1.0,774.0,184.0,45.0,81.0,66.0,16.0,252.0,35.0,0.0,4.0,1.0,CUSTOMER_CANCEL,0,1659796500.0,10.0,17.0,202,843.0,29.0,247.0,849.0,288.0,108.0
1659796244.0,203,1659796500.0,2820.0,913.0,2169.0,C23_,DOMESTIC,0,WAHR,WITHDRAWAL_NATIONAL,CashOutEmv,11024.0,15691.0,9236.0,4883.0,203,1068.0,0.0,24546.0,7809.0,20164.0,CNCL,429.0,1.0,784.0,116.0,64.0,73.0,32.0,16.0,159.0,125.0,0.0,4.0,2.0,CONTACTLESS_COMMUNICATION_ERROR,KIXCLC_READING_AND_CHECKING_CHIP_INFORMATION,1659796065.0,12.0,5.0,203,201.0,10.0,481.0,886.0,453.0,97.0
1659796223.0,204,1659796402.0,865.0,528.0,3783.0,C23_,0,0,WAHR,0,0,7772.0,9127.0,20101.0,12712.0,204,9986.0,0.0,24679.0,23251.0,14045.0,CNCL,650.0,0.0,725.0,30.0,51.0,61.0,21.0,0.0,158.0,269.0,0.0,4.0,2.0,CONTACTLESS_COMMUNICATION_ERROR,KIXCLC_READING_AND_CHECKING_CHIP_INFORMATION,1659796064.0,14.0,13.0,204,916.0,18.0,280.0,48.0,890.0,99.0
1659796500.0,205,1659795998.0,2891.0,626.0,4333.0,C23_,0,DOMESTIC,WAHR,0,0,11969.0,14541.0,2980.0,3079.0,205,4395.0,1.0,24609.0,11806.0,27435.0,NOK,268.0,0.0,318.0,46.0,19.0,51.0,52.0,0.0,53.0,243.0,1.0,0.0,0.0,0,0,1659796500.0,5.0,11.0,205,26.0,6.0,651.0,737.0,313.0,79.0
1659796500.0,206,1659796442.0,3372.0,362.0,991.0,0,DOMESTIC,0,0,WITHDRAWAL_NATIONAL,CashOutEmv,496.0,1336.0,12277.0,3370.0,206,3294.0,0.0,21065.0,4705.0,24117.0,NOK,329.0,1.0,262.0,241.0,28.0,44.0,51.0,2.0,605.0,146.0,1.0,0.0,2.0,CUSTOMER_CANCEL,0,1659796002.0,5.0,0.0,206,381.0,6.0,564.0,135.0,423.0,77.0
1659796437.0,207,1659796072.0,3616.0,235.0,7014.0,C23_,0,DOMESTIC,WAHR,WITHDRAWAL_NATIONAL,0,2009.0,9840.0,17689.0,9006.0,207,23646.0,0.0,25512.0,20437.0,6327.0,CNCL,192.0,0.0,45.0,200.0,100.0,24.0,59.0,4.0,146.0,89.0,0.0,4.0,0.0,CONTACTLESS_COMMUNICATION_ERROR,KIXCLC_READING_AND_CHECKING_CHIP_INFORMATION,1659796446.0,1.0,3.0,207,906.0,21.0,424.0,324.0,971.0,127.0
1659796227.0,208,1659796500.0,2091.0,444.0,3141.0,___N,0,0,WAHR,0,CashOutEmv,6284.0,16570.0,3876.0,9357.0,208,1589.0,1.0,4111.0,6326.0,16613.0,CNCL,459.0,0.0,868.0,206.0,133.0,96.0,76.0,0.0,587.0,204.0,1.0,1.0,1.0,CUSTOMER_CANCEL,CUSTOMER_ENTERING_PIN,1659796447.0,14.0,16.0,208,93.0,26.0,608.0,425.0,573.0,84.0
1659796500.0,209,1659796323.0,1284.0,332.0,6118.0,C23_,0,DOMESTIC,0,WITHDRAWAL_NATIONAL,CashOutEmv,5943.0,4238.0,8772.0,9232.0,209,8718.0,0.0,10182.0,6266.0,19495.0,OK,62.0,0.0,712.0,331.0,123.0,39.0,67.0,4.0,701.0,208.0,0.0,0.0,2.0,CUSTOMER_CANCEL,CUSTOMER_ENTERING_PIN,1659796339.0,10.0,5.0,209,95.0,3.0,671.0,2.0,818.0,114.0
1659796500.0,210,1659796466.0,2492.0,892.0,4576.0,C23_,DOMESTIC,DOMESTIC,WAHR,0,0,1064.0,14985.0,318.0,8407.0,210,10186.0,0.0,9794.0,4095.0,6963.0,CNCL,247.0,1.0,184.0,355.0,127.0,59.0,34.0,4.0,365.0,141.0,0.0,0.0,2.0,CUSTOMER_CANCEL,CUSTOMER_SELECTING_TRANSACTION,1659796336.0,5.0,17.0,210,32.0,11.0,796.0,953.0,44.0,100.0
1659796500.0,211,1659796026.0,643.0,778.0,3123.0,0,0,0,WAHR,WITHDRAWAL_NATIONAL,0,12770.0,15083.0,7096.0,10104.0,211,11088.0,1.0,14188.0,11662.0,23040.0,NOK,72.0,1.0,268.0,90.0,75.0,69.0,70.0,16.0,315.0,264.0,1.0,1.0,1.0,0,0,1659796500.0,5.0,1.0,211,663.0,6.0,795.0,237.0,199.0,82.0
1659796432.0,212,1659796500.0,2506.0,569.0,5804.0,___N,DOMESTIC,0,0,WITHDRAWAL_NATIONAL,0,536.0,6670.0,3204.0,2207.0,212,19767.0,1.0,7272.0,4260.0,15250.0,OK,269.0,1.0,576.0,292.0,64.0,39.0,49.0,2.0,546.0,147.0,0.0,0.0,2.0,CUSTOMER_CANCEL,CUSTOMER_ENTERING_PIN,1659795998.0,10.0,10.0,212,898.0,17.0,303.0,104.0,37.0,99.0
1659796500.0,213,1659796500.0,2721.0,322.0,4258.0,C23_,0,DOMESTIC,WAHR,0,0,11608.0,8512.0,19910.0,5061.0,213,18848.0,0.0,23748.0,4761.0,24463.0,NOK,340.0,1.0,785.0,117.0,62.0,102.0,41.0,0.0,133.0,271.0,1.0,4.0,1.0,CONTACTLESS_COMMUNICATION_ERROR,CUSTOMER_SELECTING_TRANSACTION,1659796146.0,3.0,2.0,213,525.0,17.0,641.0,20.0,554.0,103.0
1659796061.0,214,1659796500.0,1295.0,616.0,1849.0,C23_,DOMESTIC,0,WAHR,0,CashOutEmv,4728.0,4436.0,4284.0,3350.0,214,5150.0,0.0,22628.0,7662.0,5791.0,NOK,324.0,0.0,830.0,53.0,21.0,65.0,52.0,0.0,453.0,249.0,1.0,0.0,0.0,CUSTOMER_CANCEL,0,1659796370.0,15.0,13.0,214,899.0,15.0,316.0,740.0,458.0,131.0
1659796500.0,215,1659796286.0,3275.0,234.0,3210.0,0,0,DOMESTIC,WAHR,WITHDRAWAL_NATIONAL,CashOutEmv,5891.0,5782.0,7190.0,12552.0,215,20014.0,1.0,10301.0,20064.0,18485.0,CNCL,550.0,0.0,351.0,318.0,26.0,36.0,78.0,4.0,528.0,53.0,1.0,1.0,0.0,CUSTOMER_CANCEL,CUSTOMER_ENTERING_PIN,1659796277.0,13.0,10.0,215,107.0,1.0,654.0,765.0,667.0,94.0
1659796301.0,216,1659796500.0,1260.0,1226.0,4304.0,C23_,0,0,WAHR,WITHDRAWAL_NATIONAL,CashOutEmv,4606.0,4217.0,4705.0,7904.0,216,25539.0,1.0,25918.0,6628.0,17154.0,CNCL,295.0,0.0,544.0,171.0,71.0,66.0,63.0,0.0,530.0,73.0,0.0,0.0,1.0,0,WAITING_FOR_CARD,1659796500.0,15.0,12.0,216,430.0,8.0,32.0,884.0,761.0,85.0
1659796500.0,217,1659796500.0,995.0,143.0,6904.0,C23_,0,DOMESTIC,WAHR,0,0,13249.0,3281.0,4517.0,11281.0,217,18044.0,1.0,6069.0,5817.0,17179.0,OK,23.0,0.0,198.0,197.0,7.0,128.0,65.0,0.0,528.0,11.0,0.0,0.0,0.0,CUSTOMER_CANCEL,CUSTOMER_ENTERING_PIN,1659796052.0,3.0,9.0,217,61.0,7.0,611.0,275.0,51.0,74.0
1659796500.0,218,1659796020.0,3227.0,981.0,248.0,C23_,DOMESTIC,0,0,0,0,3127.0,14020.0,9419.0,9978.0,218,3807.0,0.0,16456.0,11549.0,26749.0,NOK,270.0,0.0,204.0,281.0,1.0,32.0,16.0,2.0,74.0,142.0,1.0,0.0,2.0,CUSTOMER_CANCEL,0,1659796500.0,3.0,7.0,218,541.0,3.0,708.0,87.0,740.0,98.0
1659796492.0,219,1659796500.0,4494.0,742.0,762.0,___N,0,DOMESTIC,0,WITHDRAWAL_NATIONAL,0,705.0,9461.0,2531.0,9257.0,219,11906.0,1.0,24354.0,16339.0,15087.0,NOK,78.0,1.0,546.0,339.0,56.0,7.0,11.0,4.0,585.0,22.0,1.0,0.0,0.0,0,KIXCLC_READING_AND_CHECKING_CHIP_INFORMATION,1659796500.0,10.0,16.0,219,916.0,25.0,623.0,796.0,873.0,106.0
1659796500.0,220,1659796477.0,428.0,196.0,6171.0,___N,0,DOMESTIC,WAHR,WITHDRAWAL_NATIONAL,CashOutEmv,7936.0,6369.0,10445.0,4412.0,220,19508.0,1.0,15424.0,12413.0,8416.0,CNCL,460.0,0.0,58.0,274.0,117.0,56.0,57.0,2.0,344.0,159.0,0.0,4.0,2.0,CUSTOMER_CANCEL,KIXCLC_READING_AND_CHECKING_CHIP_INFORMATION,1659796338.0,3.0,9.0,220,199.0,6.0,107.0,193.0,65.0,68.0
1659796500.0,221,1659796500.0,254.0,943.0,2646.0,C23_,DOMESTIC,0,WAHR,WITHDRAWAL_NATIONAL,0,8849.0,4206.0,13126.0,3484.0,221,1621.0,0.0,24479.0,19793.0,18708.0,CNCL,359.0,1.0,734.0,351.0,102.0,66.0,9.0,0.0,159.0,32.0,0.0,1.0,1.0,CONTACTLESS_COMMUNICATION_ERROR,WAITING_FOR_CARD,1659796469.0,5.0,16.0,221,796.0,17.0,1.0,681.0,728.0,99.0
1659796500.0,222,1659796481.0,453.0,657.0,4026.0,C23_,0,0,WAHR,WITHDRAWAL_NATIONAL,CashOutEmv,4335.0,3536.0,6497.0,9764.0,222,877.0,1.0,19424.0,18777.0,5971.0,CNCL,457.0,1.0,283.0,107.0,83.0,58.0,82.0,0.0,230.0,86.0,1.0,1.0,2.0,0,KIXCLC_READING_AND_CHECKING_CHIP_INFORMATION,1659796381.0,15.0,13.0,222,908.0,9.0,591.0,805.0,20.0,79.0
1659796500.0,223,1659796155.0,793.0,633.0,5084.0,C23_,0,0,0,WITHDRAWAL_NATIONAL,CashOutEmv,321.0,5928.0,9.0,9285.0,223,12627.0,0.0,16585.0,24059.0,29091.0,CNCL,104.0,0.0,247.0,346.0,125.0,65.0,70.0,4.0,7.0,192.0,1.0,0.0,2.0,CUSTOMER_CANCEL,CUSTOMER_SELECTING_TRANSACTION,1659796341.0,5.0,0.0,223,148.0,1.0,766.0,649.0,617.0,76.0
1659796500.0,224,1659796215.0,1647.0,1140.0,1441.0,0,0,DOMESTIC,WAHR,0,CashOutEmv,9602.0,2925.0,5362.0,10895.0,224,24524.0,1.0,8558.0,13199.0,24757.0,CNCL,644.0,1.0,308.0,85.0,87.0,74.0,60.0,0.0,317.0,265.0,0.0,1.0,1.0,0,CUSTOMER_ENTERING_PIN,1659796500.0,5.0,1.0,224,197.0,1.0,656.0,501.0,716.0,126.0
1659795961.0,225,1659796500.0,1079.0,91.0,1966.0,___N,DOMESTIC,DOMESTIC,WAHR,0,0,11546.0,13406.0,18868.0,6309.0,225,12494.0,0.0,25862.0,26549.0,29332.0,CNCL,351.0,1.0,10.0,350.0,80.0,99.0,40.0,0.0,85.0,203.0,0.0,4.0,2.0,CONTACTLESS_COMMUNICATION_ERROR,0,1659796500.0,11.0,17.0,225,141.0,26.0,730.0,522.0,180.0,69.0
1659796500.0,226,1659796466.0,1528.0,638.0,3789.0,0,0,DOMESTIC,0,WITHDRAWAL_NATIONAL,0,6357.0,10874.0,2624.0,9254.0,226,44.0,1.0,6403.0,25250.0,23001.0,NOK,586.0,0.0,433.0,281.0,69.0,60.0,83.0,0.0,600.0,6.0,1.0,0.0,0.0,CUSTOMER_CANCEL,0,1659796500.0,10.0,6.0,226,50.0,6.0,49.0,21.0,959.0,88.0
1659796500.0,227,1659796500.0,395.0,1113.0,6401.0,C23_,DOMESTIC,DOMESTIC,WAHR,WITHDRAWAL_NATIONAL,CashOutEmv,2061.0,14539.0,3324.0,10502.0,227,19283.0,1.0,19741.0,25299.0,24337.0,CNCL,74.0,1.0,271.0,78.0,74.0,96.0,61.0,16.0,171.0,262.0,0.0,1.0,1.0,0,CUSTOMER_ENTERING_PIN,1659796500.0,5.0,16.0,227,599.0,14.0,616.0,524.0,695.0,95.0
1659796012.0,228,1659796500.0,833.0,275.0,4012.0,C23_,0,0,0,0,CashOutEmv,13447.0,7151.0,8117.0,10803.0,228,1257.0,1.0,6292.0,14512.0,14020.0,CNCL,109.0,0.0,640.0,323.0,62.0,1.0,67.0,0.0,534.0,200.0,1.0,0.0,1.0,CUSTOMER_CANCEL,CUSTOMER_SELECTING_TRANSACTION,1659796500.0,8.0,12.0,228,275.0,3.0,696.0,19.0,944.0,94.0
1659796024.0,229,1659796500.0,592.0,42.0,1812.0,C23_,0,DOMESTIC,WAHR,WITHDRAWAL_NATIONAL,CashOutEmv,11039.0,13054.0,18085.0,4749.0,229,25927.0,0.0,24460.0,12572.0,6569.0,CNCL,136.0,0.0,419.0,312.0,142.0,27.0,70.0,2.0,197.0,162.0,1.0,4.0,2.0,CONTACTLESS_COMMUNICATION_ERROR,CUSTOMER_ENTERING_PIN,1659796500.0,14.0,9.0,229,856.0,8.0,180.0,196.0,263.0,86.0
1659796310.0,230,1659796500.0,2925.0,327.0,6436.0,___N,0,0,WAHR,0,0,11890.0,10066.0,5840.0,6183.0,230,25459.0,0.0,24639.0,1435.0,30615.0,CNCL,430.0,1.0,767.0,110.0,56.0,98.0,33.0,2.0,41.0,91.0,0.0,4.0,1.0,CONTACTLESS_COMMUNICATION_ERROR,0,1659796500.0,10.0,14.0,230,692.0,11.0,155.0,207.0,171.0,102.0
1659796500.0,231,1659796500.0,599.0,800.0,997.0,0,0,0,0,WITHDRAWAL_NATIONAL,CashOutEmv,4201.0,9458.0,4742.0,10666.0,231,1922.0,0.0,7585.0,3298.0,24679.0,OK,272.0,1.0,238.0,82.0,84.0,57.0,60.0,0.0,359.0,148.0,0.0,1.0,2.0,0,CUSTOMER_SELECTING_TRANSACTION,1659796500.0,5.0,10.0,231,919.0,4.0,344.0,72.0,980.0,83.0
1659796500.0,232,1659796273.0,3535.0,679.0,6765.0,___N,0,DOMESTIC,WAHR,WITHDRAWAL_NATIONAL,CashOutEmv,2976.0,8508.0,15708.0,12512.0,232,12142.0,1.0,13835.0,28260.0,15717.0,OK,543.0,1.0,338.0,201.0,42.0,124.0,46.0,2.0,526.0,117.0,1.0,4.0,1.0,0,WAITING_FOR_CARD,1659796234.0,5.0,2.0,232,664.0,20.0,614.0,273.0,160.0,93.0
1659796488.0,233,1659796044.0,1312.0,256.0,4251.0,C23_,0,0,WAHR,0,CashOutEmv,11755.0,170.0,16761.0,2127.0,233,25926.0,1.0,14927.0,3587.0,17927.0,CNCL,113.0,0.0,668.0,23.0,51.0,75.0,63.0,0.0,502.0,183.0,0.0,4.0,2.0,0,WAITING_FOR_CARD,1659796227.0,1.0,5.0,233,875.0,26.0,627.0,807.0,780.0,126.0
1659796500.0,234,1659796500.0,1712.0,1161.0,1372.0,0,0,DOMESTIC,0,WITHDRAWAL_NATIONAL,0,14448.0,14860.0,4371.0,9632.0,234,12373.0,1.0,21522.0,23742.0,14927.0,NOK,394.0,1.0,237.0,93.0,82.0,75.0,79.0,4.0,41.0,188.0,1.0,1.0,1.0,0,0,1659796072.0,0.0,17.0,234,198.0,28.0,458.0,280.0,180.0,130.0
1659796421.0,235,1659796500.0,3661.0,599.0,2789.0,0,DOMESTIC,DOMESTIC,WAHR,WITHDRAWAL_NATIONAL,0,14032.0,6901.0,11785.0,3738.0,235,1654.0,1.0,15483.0,3192.0,16116.0,CNCL,159.0,0.0,754.0,195.0,44.0,54.0,71.0,0.0,273.0,24.0,1.0,4.0,1.0,CONTACTLESS_COMMUNICATION_ERROR,WAITING_FOR_CARD,1659796155.0,8.0,2.0,235,159.0,18.0,315.0,762.0,115.0,90.0
1659796500.0,236,1659796500.0,631.0,1028.0,6850.0,0,0,DOMESTIC,0,0,0,5988.0,11155.0,10559.0,6986.0,236,18123.0,1.0,14324.0,11667.0,15434.0,OK,535.0,0.0,62.0,227.0,115.0,39.0,7.0,16.0,605.0,238.0,0.0,4.0,2.0,0,CUSTOMER_ENTERING_PIN,1659796500.0,12.0,12.0,236,339.0,8.0,310.0,15.0,856.0,105.0
1659796003.0,237,1659796130.0,1361.0,102.0,3291.0,0,0,0,0,0,CashOutEmv,8548.0,9302.0,5923.0,13143.0,237,20331.0,1.0,13884.0,6859.0,26075.0,CNCL,443.0,1.0,844.0,218.0,131.0,74.0,11.0,0.0,349.0,260.0,0.0,1.0,1.0,0,CUSTOMER_ENTERING_PIN,1659796500.0,10.0,16.0,237,621.0,9.0,545.0,721.0,901.0,118.0
1659796108.0,238,1659796500.0,2594.0,584.0,1011.0,C23_,DOMESTIC,0,0,WITHDRAWAL_NATIONAL,0,13344.0,14665.0,686.0,15246.0,238,2657.0,0.0,16844.0,25671.0,20714.0,NOK,123.0,1.0,467.0,107.0,66.0,70.0,33.0,16.0,210.0,268.0,1.0,0.0,0.0,CONTACTLESS_COMMUNICATION_ERROR,0,1659796054.0,2.0,13.0,238,615.0,19.0,416.0,954.0,246.0,75.0
1659796204.0,239,1659796367.0,3551.0,319.0,6284.0,0,0,0,0,WITHDRAWAL_NATIONAL,0,6292.0,3512.0,8920.0,12794.0,239,4893.0,0.0,25520.0,18011.0,7510.0,CNCL,643.0,0.0,482.0,242.0,13.0,72.0,25.0,0.0,638.0,144.0,1.0,4.0,2.0,CONTACTLESS_COMMUNICATION_ERROR,KIXCLC_READING_AND_CHECKING_CHIP_INFORMATION,1659796500.0,14.0,3.0,239,318.0,10.0,785.0,972.0,866.0,102.0
1659796500.0,240,1659796500.0,487.0,197.0,931.0,0,0,DOMESTIC,WAHR,WITHDRAWAL_NATIONAL,CashOutEmv,13016.0,14024.0,17567.0,9046.0,240,10967.0,1.0,15345.0,25658.0,16378.0,CNCL,264.0,0.0,382.0,320.0,111.0,57.0,88.0,16.0,276.0,17.0,1.0,4.0,0.0,0,WAITING_FOR_CARD,1659796463.0,13.0,1.0,240,588.0,19.0,245.0,648.0,795.0,88.0
1659796500.0,241,1659796186.0,3017.0,693.0,278.0,C23_,0,0,0,WITHDRAWAL_NATIONAL,CashOutEmv,798.0,9083.0,5591.0,4450.0,241,4578.0,0.0,25711.0,25598.0,20955.0,OK,322.0,1.0,697.0,72.0,67.0,118.0,35.0,0.0,139.0,185.0,1.0,4.0,0.0,CONTACTLESS_COMMUNICATION_ERROR,CUSTOMER_ENTERING_PIN,1659796500.0,4.0,0.0,241,777.0,4.0,773.0,588.0,185.0,85.0
1659796032.0,242,1659795984.0,84.0,319.0,2690.0,___N,0,0,WAHR,0,CashOutEmv,9015.0,4201.0,13996.0,2477.0,242,19413.0,0.0,340.0,1547.0,24657.0,CNCL,208.0,1.0,837.0,190.0,120.0,88.0,13.0,2.0,676.0,270.0,1.0,1.0,1.0,CONTACTLESS_COMMUNICATION_ERROR,CUSTOMER_ENTERING_PIN,1659796224.0,16.0,6.0,242,479.0,23.0,503.0,782.0,738.0,126.0
1659796500.0,243,1659796031.0,645.0,697.0,989.0,___N,0,DOMESTIC,WAHR,WITHDRAWAL_NATIONAL,0,4926.0,6042.0,2686.0,10536.0,243,1027.0,1.0,5155.0,3132.0,13966.0,CNCL,335.0,1.0,321.0,80.0,73.0,25.0,59.0,2.0,511.0,123.0,1.0,1.0,2.0,0,CUSTOMER_ENTERING_PIN,1659796492.0,5.0,8.0,243,687.0,22.0,64.0,359.0,100.0,95.0
1659796311.0,244,1659795971.0,1181.0,346.0,5200.0,___N,0,0,0,WITHDRAWAL_NATIONAL,CashOutEmv,1667.0,8051.0,947.0,9932.0,244,403.0,1.0,6491.0,27999.0,10616.0,CNCL,57.0,0.0,744.0,348.0,119.0,143.0,60.0,0.0,497.0,143.0,1.0,0.0,1.0,CUSTOMER_CANCEL,CUSTOMER_SELECTING_TRANSACTION,1659796500.0,1.0,9.0,244,558.0,23.0,788.0,629.0,948.0,120.0
1659796147.0,245,1659796500.0,1824.0,426.0,5579.0,C23_,0,DOMESTIC,WAHR,0,CashOutEmv,4544.0,3959.0,7447.0,12056.0,245,19453.0,1.0,10353.0,22823.0,24294.0,CNCL,503.0,0.0,903.0,201.0,140.0,48.0,74.0,2.0,472.0,193.0,0.0,1.0,2.0,0,CUSTOMER_ENTERING_PIN,1659796313.0,9.0,4.0,245,564.0,1.0,316.0,563.0,801.0,92.0
1659796430.0,246,1659796500.0,2673.0,340.0,6212.0,C23_,DOMESTIC,0,WAHR,0,CashOutEmv,12087.0,16979.0,9852.0,9938.0,246,5236.0,0.0,24029.0,8579.0,24798.0,CNCL,359.0,1.0,540.0,242.0,5.0,67.0,42.0,4.0,154.0,164.0,1.0,4.0,2.0,CONTACTLESS_COMMUNICATION_ERROR,KIXCLC_READING_AND_CHECKING_CHIP_INFORMATION,1659796500.0,15.0,6.0,246,174.0,14.0,649.0,781.0,424.0,65.0
1659796500.0,247,1659796186.0,1557.0,721.0,794.0,___N,DOMESTIC,0,0,0,0,1125.0,6798.0,240.0,10130.0,247,4785.0,0.0,18187.0,27224.0,29800.0,NOK,6.0,1.0,293.0,110.0,107.0,116.0,71.0,0.0,76.0,241.0,1.0,0.0,0.0,CUSTOMER_CANCEL,KIXCLC_READING_AND_CHECKING_CHIP_INFORMATION,1659796146.0,6.0,11.0,247,765.0,6.0,340.0,314.0,819.0,102.0
1659795970.0,248,1659796500.0,2491.0,537.0,1028.0,___N,0,0,0,WITHDRAWAL_NATIONAL,0,11079.0,16977.0,19794.0,5595.0,248,1929.0,0.0,24087.0,24396.0,31500.0,OK,437.0,1.0,682.0,106.0,56.0,108.0,40.0,2.0,16.0,98.0,0.0,4.0,2.0,CONTACTLESS_COMMUNICATION_ERROR,CUSTOMER_SELECTING_TRANSACTION,1659796262.0,16.0,11.0,248,652.0,7.0,508.0,628.0,505.0,123.0
1659796500.0,249,1659796360.0,3599.0,333.0,4402.0,C23_,DOMESTIC,DOMESTIC,WAHR,WITHDRAWAL_NATIONAL,CashOutEmv,13598.0,4016.0,14408.0,7938.0,249,25251.0,0.0,25860.0,20989.0,18696.0,CNCL,12.0,1.0,271.0,211.0,33.0,143.0,72.0,4.0,155.0,84.0,0.0,1.0,0.0,CONTACTLESS_COMMUNICATION_ERROR,WAITING_FOR_CARD,1659796500.0,5.0,17.0,249,806.0,6.0,3.0,281.0,715.0,81.0
1659796500.0,250,1659796036.0,3605.0,1028.0,4410.0,___N,0,0,0,0,0,8636.0,3815.0,2314.0,2618.0,250,18892.0,1.0,24291.0,1830.0,30362.0,NOK,608.0,1.0,109.0,122.0,79.0,50.0,78.0,4.0,17.0,149.0,0.0,0.0,1.0,0,WAITING_FOR_CARD,1659796500.0,5.0,1.0,250,489.0,9.0,800.0,672.0,792.0,76.0
1659796500.0,251,1659796500.0,4250.0,576.0,2385.0,C23_,0,0,0,0,CashOutEmv,1028.0,9789.0,8724.0,12466.0,251,2784.0,0.0,23165.0,21943.0,6311.0,NOK,11.0,1.0,967.0,307.0,68.0,82.0,11.0,0.0,396.0,32.0,1.0,0.0,2.0,CUSTOMER_CANCEL,WAITING_FOR_CARD,1659796500.0,14.0,8.0,251,923.0,30.0,391.0,961.0,860.0,104.0
1659796471.0,252,1659796303.0,737.0,481.0,3680.0,C23_,DOMESTIC,0,0,WITHDRAWAL_NATIONAL,CashOutEmv,46.0,8051.0,11148.0,8536.0,252,20773.0,0.0,21391.0,24136.0,7600.0,NOK,4.0,0.0,787.0,319.0,121.0,118.0,72.0,4.0,364.0,109.0,1.0,0.0,0.0,CUSTOMER_CANCEL,KIXCLC_READING_AND_CHECKING_CHIP_INFORMATION,1659796437.0,15.0,11.0,252,356.0,18.0,70.0,654.0,68.0,63.0
1659796466.0,253,1659796005.0,372.0,792.0,4585.0,___N,0,DOMESTIC,0,WITHDRAWAL_NATIONAL,CashOutEmv,10092.0,218.0,4780.0,10436.0,253,12854.0,0.0,2240.0,6144.0,15480.0,CNCL,148.0,1.0,561.0,322.0,112.0,127.0,9.0,16.0,528.0,11.0,0.0,1.0,0.0,CONTACTLESS_COMMUNICATION_ERROR,CUSTOMER_ENTERING_PIN,1659796440.0,15.0,18.0,253,265.0,7.0,96.0,28.0,731.0,70.0
1659796500.0,254,1659796200.0,3337.0,196.0,3117.0,C23_,0,DOMESTIC,0,WITHDRAWAL_NATIONAL,CashOutEmv,11065.0,6037.0,6393.0,11361.0,254,2624.0,1.0,20074.0,8508.0,24736.0,CNCL,13.0,0.0,118.0,315.0,36.0,54.0,85.0,0.0,235.0,39.0,1.0,1.0,2.0,0,KIXCLC_READING_AND_CHECKING_CHIP_INFORMATION,1659796381.0,1.0,15.0,254,308.0,30.0,90.0,111.0,86.0,74.0
1659795982.0,255,1659796159.0,1429.0,336.0,33.0,C23_,DOMESTIC,0,WAHR,0,CashOutEmv,714.0,11493.0,19564.0,10468.0,255,5004.0,0.0,23900.0,28431.0,7105.0,CNCL,143.0,0.0,734.0,46.0,61.0,1.0,71.0,2.0,197.0,214.0,1.0,4.0,0.0,CONTACTLESS_COMMUNICATION_ERROR,KIXCLC_READING_AND_CHECKING_CHIP_INFORMATION,1659796068.0,8.0,12.0,255,738.0,23.0,714.0,767.0,352.0,99.0
1659796364.0,256,1659796500.0,1747.0,1192.0,3539.0,0,0,0,WAHR,WITHDRAWAL_NATIONAL,CashOutEmv,10366.0,1715.0,5489.0,12121.0,256,12435.0,1.0,10315.0,13619.0,1218.0,CNCL,223.0,0.0,836.0,236.0,129.0,74.0,83.0,4.0,357.0,201.0,1.0,1.0,1.0,0,CUSTOMER_ENTERING_PIN,1659796317.0,1.0,0.0,256,891.0,2.0,252.0,880.0,785.0,128.0
1659796338.0,257,1659795991.0,4335.0,858.0,6078.0,C23_,0,DOMESTIC,WAHR,0,CashOutEmv,1273.0,3571.0,5214.0,2970.0,257,15970.0,1.0,8998.0,6243.0,5969.0,CNCL,251.0,0.0,902.0,263.0,42.0,95.0,56.0,4.0,418.0,165.0,0.0,1.0,1.0,CUSTOMER_CANCEL,CUSTOMER_ENTERING_PIN,1659796159.0,8.0,1.0,257,911.0,21.0,773.0,684.0,656.0,95.0
1659796500.0,258,1659796500.0,3638.0,275.0,4828.0,___N,0,DOMESTIC,WAHR,WITHDRAWAL_NATIONAL,CashOutEmv,5017.0,7664.0,1110.0,15008.0,258,404.0,0.0,21443.0,27654.0,15112.0,CNCL,200.0,1.0,280.0,308.0,131.0,141.0,42.0,2.0,491.0,52.0,0.0,0.0,1.0,CUSTOMER_CANCEL,CUSTOMER_SELECTING_TRANSACTION,1659796439.0,13.0,10.0,258,28.0,2.0,737.0,800.0,764.0,93.0
1659796344.0,259,1659796500.0,636.0,884.0,4754.0,___N,0,DOMESTIC,0,WITHDRAWAL_NATIONAL,CashOutEmv,9942.0,9907.0,3345.0,3795.0,259,10936.0,1.0,15312.0,8535.0,3887.0,CNCL,200.0,0.0,802.0,146.0,104.0,62.0,3.0,2.0,261.0,90.0,1.0,1.0,0.0,0,CUSTOMER_ENTERING_PIN,1659796500.0,14.0,5.0,259,424.0,14.0,302.0,333.0,939.0,84.0
1659796500.0,260,1659796353.0,607.0,791.0,4802.0,___N,0,0,0,0,CashOutEmv,8442.0,6715.0,6332.0,13223.0,260,11146.0,1.0,15864.0,13568.0,12457.0,OK,119.0,1.0,416.0,68.0,81.0,119.0,76.0,0.0,301.0,216.0,1.0,1.0,1.0,CUSTOMER_CANCEL,CUSTOMER_SELECTING_TRANSACTION,1659796282.0,15.0,12.0,260,695.0,21.0,773.0,118.0,536.0,126.0
1659796500.0,261,1659796500.0,297.0,1000.0,848.0,0,0,0,WAHR,WITHDRAWAL_NATIONAL,0,7410.0,15377.0,18513.0,13570.0,261,4983.0,0.0,23682.0,7774.0,7263.0,CNCL,603.0,0.0,695.0,28.0,57.0,4.0,24.0,16.0,633.0,265.0,1.0,4.0,0.0,CONTACTLESS_COMMUNICATION_ERROR,KIXCLC_READING_AND_CHECKING_CHIP_INFORMATION,1659796500.0,10.0,8.0,261,895.0,16.0,307.0,803.0,857.0,94.0
1659796161.0,262,1659796070.0,2366.0,1038.0,1626.0,C23_,0,DOMESTIC,WAHR,WITHDRAWAL_NATIONAL,0,9382.0,8768.0,9737.0,13175.0,262,1103.0,0.0,25514.0,10247.0,12102.0,CNCL,576.0,0.0,735.0,24.0,60.0,147.0,28.0,0.0,11.0,237.0,0.0,4.0,1.0,CONTACTLESS_COMMUNICATION_ERROR,KIXCLC_READING_AND_CHECKING_CHIP_INFORMATION,1659796500.0,8.0,8.0,262,423.0,20.0,314.0,460.0,882.0,101.0
1659796250.0,263,1659796500.0,803.0,347.0,5331.0,___N,0,DOMESTIC,0,WITHDRAWAL_NATIONAL,0,8013.0,10430.0,9417.0,14475.0,263,1410.0,0.0,21197.0,23696.0,8660.0,CNCL,260.0,1.0,113.0,356.0,77.0,91.0,41.0,0.0,637.0,175.0,0.0,0.0,1.0,CUSTOMER_CANCEL,0,1659796025.0,11.0,16.0,263,525.0,8.0,497.0,428.0,871.0,107.0
1659796072.0,264,1659796214.0,3656.0,547.0,3782.0,C23_,0,0,WAHR,0,0,7442.0,6854.0,18613.0,12095.0,264,3730.0,0.0,25538.0,4026.0,16281.0,CNCL,574.0,0.0,535.0,259.0,23.0,69.0,27.0,2.0,178.0,151.0,1.0,4.0,2.0,CONTACTLESS_COMMUNICATION_ERROR,KIXCLC_READING_AND_CHECKING_CHIP_INFORMATION,1659796500.0,15.0,7.0,264,564.0,7.0,761.0,529.0,892.0,116.0
1659796500.0,265,1659796473.0,744.0,810.0,456.0,___N,DOMESTIC,0,0,0,CashOutEmv,1007.0,6820.0,317.0,2123.0,265,11690.0,0.0,248.0,2740.0,13292.0,OK,463.0,1.0,184.0,305.0,44.0,6.0,17.0,2.0,535.0,106.0,1.0,1.0,0.0,CONTACTLESS_COMMUNICATION_ERROR,0,1659796106.0,0.0,12.0,265,287.0,3.0,684.0,287.0,88.0,70.0
1659796500.0,266,1659796500.0,4133.0,489.0,6403.0,0,0,DOMESTIC,0,WITHDRAWAL_NATIONAL,CashOutEmv,3155.0,13945.0,4310.0,13566.0,266,16368.0,1.0,23424.0,19514.0,22345.0,OK,415.0,1.0,357.0,115.0,79.0,25.0,77.0,4.0,91.0,212.0,0.0,1.0,0.0,CONTACTLESS_COMMUNICATION_ERROR,CUSTOMER_SELECTING_TRANSACTION,1659796500.0,14.0,5.0,266,770.0,12.0,345.0,231.0,247.0,78.0
1659796041.0,267,1659796109.0,3435.0,286.0,2211.0,C23_,0,0,WAHR,0,0,7849.0,10871.0,19009.0,13618.0,267,3444.0,0.0,23942.0,23912.0,17669.0,CNCL,565.0,0.0,375.0,280.0,13.0,64.0,28.0,16.0,235.0,176.0,1.0,4.0,2.0,CONTACTLESS_COMMUNICATION_ERROR,KIXCLC_READING_AND_CHECKING_CHIP_INFORMATION,1659796500.0,16.0,10.0,267,152.0,12.0,802.0,683.0,930.0,116.0
1659796140.0,268,1659796500.0,1335.0,434.0,5349.0,___N,0,0,0,0,0,4871.0,1935.0,10466.0,9791.0,268,3280.0,1.0,14576.0,15237.0,15457.0,OK,501.0,0.0,522.0,41.0,63.0,67.0,84.0,0.0,550.0,213.0,0.0,4.0,0.0,CUSTOMER_CANCEL,WAITING_FOR_CARD,1659796424.0,8.0,17.0,268,506.0,22.0,272.0,144.0,698.0,126.0
1659796386.0,269,1659796500.0,3603.0,882.0,541.0,C23_,0,0,WAHR,WITHDRAWAL_NATIONAL,0,9459.0,9420.0,7650.0,4208.0,269,16458.0,0.0,25275.0,21528.0,6061.0,CNCL,174.0,0.0,699.0,198.0,35.0,72.0,69.0,0.0,132.0,13.0,1.0,4.0,2.0,CONTACTLESS_COMMUNICATION_ERROR,KIXCLC_READING_AND_CHECKING_CHIP_INFORMATION,1659796500.0,1.0,12.0,269,232.0,20.0,606.0,278.0,851.0,102.0
1659796500.0,270,1659796500.0,4069.0,872.0,6281.0,___N,0,0,0,WITHDRAWAL_NATIONAL,CashOutEmv,11844.0,10526.0,4075.0,2876.0,270,4211.0,1.0,6200.0,16539.0,13445.0,NOK,47.0,0.0,170.0,310.0,28.0,53.0,86.0,2.0,498.0,129.0,1.0,0.0,2.0,CUSTOMER_CANCEL,KIXCLC_READING_AND_CHECKING_CHIP_INFORMATION,1659796413.0,10.0,0.0,270,774.0,20.0,653.0,301.0,204.0,92.0
1659796142.0,271,1659796200.0,2840.0,917.0,4694.0,___N,0,DOMESTIC,WAHR,WITHDRAWAL_NATIONAL,CashOutEmv,10367.0,186.0,3822.0,3638.0,271,61.0,0.0,251.0,2850.0,22500.0,CNCL,363.0,1.0,397.0,340.0,39.0,79.0,10.0,16.0,654.0,6.0,0.0,1.0,1.0,CONTACTLESS_COMMUNICATION_ERROR,CUSTOMER_ENTERING_PIN,1659796500.0,16.0,14.0,271,261.0,6.0,27.0,936.0,675.0,130.0
1659796295.0,272,1659796175.0,236.0,490.0,5159.0,C23_,0,0,0,0,0,1440.0,9592.0,14054.0,3431.0,272,5073.0,0.0,24861.0,28792.0,27426.0,CNCL,517.0,0.0,113.0,136.0,39.0,64.0,19.0,2.0,10.0,179.0,1.0,1.0,2.0,CONTACTLESS_COMMUNICATION_ERROR,KIXCLC_READING_AND_CHECKING_CHIP_INFORMATION,1659796500.0,8.0,8.0,272,489.0,10.0,714.0,686.0,871.0,102.0
1659796500.0,273,1659796374.0,276.0,324.0,5225.0,___N,DOMESTIC,DOMESTIC,WAHR,WITHDRAWAL_NATIONAL,CashOutEmv,10297.0,14369.0,3569.0,15500.0,273,1345.0,0.0,21841.0,14438.0,14151.0,NOK,123.0,1.0,653.0,334.0,132.0,69.0,42.0,0.0,550.0,169.0,0.0,0.0,1.0,CUSTOMER_CANCEL,WAITING_FOR_CARD,1659796096.0,0.0,14.0,273,514.0,17.0,540.0,291.0,702.0,67.0
1659796048.0,274,1659796500.0,3511.0,297.0,1689.0,___N,0,DOMESTIC,0,WITHDRAWAL_NATIONAL,0,828.0,8706.0,18827.0,4203.0,274,11789.0,0.0,25916.0,3733.0,2778.0,CNCL,243.0,1.0,678.0,65.0,60.0,81.0,34.0,2.0,570.0,117.0,1.0,4.0,1.0,CONTACTLESS_COMMUNICATION_ERROR,0,1659796446.0,12.0,17.0,274,60.0,9.0,412.0,450.0,257.0,116.0
1659796500.0,275,1659796093.0,566.0,320.0,5957.0,C23_,DOMESTIC,DOMESTIC,WAHR,WITHDRAWAL_NATIONAL,CashOutEmv,5414.0,13210.0,8549.0,14107.0,275,16816.0,0.0,21494.0,25076.0,6685.0,NOK,145.0,1.0,180.0,324.0,129.0,34.0,43.0,4.0,398.0,55.0,1.0,0.0,2.0,CUSTOMER_CANCEL,WAITING_FOR_CARD,1659796264.0,4.0,2.0,275,587.0,1.0,534.0,859.0,789.0,87.0
1659796500.0,276,1659796204.0,3211.0,1174.0,83.0,___N,DOMESTIC,DOMESTIC,WAHR,WITHDRAWAL_NATIONAL,0,5697.0,14005.0,221.0,15630.0,276,25482.0,0.0,21548.0,21471.0,1173.0,NOK,162.0,1.0,720.0,335.0,141.0,42.0,39.0,16.0,668.0,21.0,1.0,0.0,2.0,CUSTOMER_CANCEL,WAITING_FOR_CARD,1659796019.0,15.0,17.0,276,544.0,4.0,676.0,492.0,706.0,73.0
1659796173.0,277,1659796500.0,3111.0,825.0,1963.0,C23_,0,0,0,0,CashOutEmv,11099.0,10744.0,8912.0,6139.0,277,25561.0,0.0,25147.0,4718.0,20446.0,OK,358.0,1.0,468.0,330.0,121.0,26.0,32.0,0.0,239.0,19.0,1.0,4.0,2.0,CONTACTLESS_COMMUNICATION_ERROR,CUSTOMER_ENTERING_PIN,1659796500.0,6.0,16.0,277,386.0,20.0,576.0,464.0,266.0,96.0
1659796256.0,278,1659796500.0,2806.0,989.0,5973.0,C23_,0,DOMESTIC,0,0,0,10935.0,6612.0,7869.0,2167.0,278,1892.0,1.0,24745.0,24379.0,23022.0,NOK,296.0,0.0,532.0,276.0,68.0,85.0,57.0,4.0,20.0,161.0,1.0,0.0,1.0,0,KIXCLC_READING_AND_CHECKING_CHIP_INFORMATION,1659796500.0,8.0,13.0,278,907.0,14.0,735.0,651.0,878.0,94.0
1659796118.0,279,1659796500.0,19.0,344.0,5889.0,0,0,0,0,WITHDRAWAL_NATIONAL,0,10320.0,3492.0,9260.0,15841.0,279,2528.0,0.0,21714.0,10098.0,22238.0,CNCL,141.0,1.0,717.0,311.0,118.0,129.0,41.0,0.0,717.0,171.0,0.0,0.0,1.0,CUSTOMER_CANCEL,WAITING_FOR_CARD,1659796079.0,2.0,9.0,279,179.0,3.0,608.0,50.0,841.0,73.0
1659796218.0,280,1659796500.0,1582.0,448.0,4222.0,0,DOMESTIC,DOMESTIC,0,WITHDRAWAL_NATIONAL,CashOutEmv,11100.0,9608.0,4410.0,8888.0,280,11560.0,1.0,2988.0,12440.0,13377.0,CNCL,389.0,0.0,709.0,146.0,113.0,123.0,42.0,2.0,534.0,128.0,1.0,1.0,0.0,CUSTOMER_CANCEL,CUSTOMER_ENTERING_PIN,1659796500.0,3.0,4.0,280,537.0,12.0,326.0,284.0,230.0,72.0
1659796089.0,281,1659796500.0,948.0,48.0,3253.0,___N,0,DOMESTIC,WAHR,0,CashOutEmv,10376.0,3408.0,423.0,3185.0,281,224.0,0.0,23162.0,21774.0,7883.0,CNCL,202.0,1.0,25.0,301.0,82.0,58.0,39.0,0.0,470.0,204.0,0.0,0.0,1.0,CUSTOMER_CANCEL,WAITING_FOR_CARD,1659796500.0,10.0,3.0,281,936.0,14.0,391.0,782.0,672.0,88.0
1659796500.0,282,1659796069.0,2826.0,629.0,6261.0,C23_,DOMESTIC,0,0,0,0,3844.0,14640.0,3029.0,3064.0,282,4709.0,1.0,23832.0,6526.0,11150.0,CNCL,634.0,0.0,341.0,243.0,60.0,32.0,46.0,4.0,650.0,165.0,1.0,0.0,1.0,0,WAITING_FOR_CARD,1659796500.0,9.0,10.0,282,755.0,6.0,731.0,106.0,748.0,93.0
1659796056.0,283,1659795960.0,825.0,214.0,4675.0,C23_,DOMESTIC,0,WAHR,0,CashOutEmv,4599.0,13992.0,18252.0,1805.0,283,17577.0,0.0,25950.0,21773.0,25836.0,CNCL,179.0,0.0,686.0,12.0,49.0,71.0,60.0,2.0,232.0,219.0,1.0,4.0,2.0,CONTACTLESS_COMMUNICATION_ERROR,KIXCLC_READING_AND_CHECKING_CHIP_INFORMATION,1659796258.0,9.0,6.0,283,292.0,30.0,758.0,763.0,492.0,103.0
1659796242.0,284,1659796500.0,3142.0,672.0,957.0,___N,0,0,0,0,CashOutEmv,12095.0,4132.0,4029.0,12438.0,284,2685.0,0.0,2464.0,7718.0,14754.0,CNCL,429.0,1.0,495.0,158.0,117.0,38.0,31.0,2.0,591.0,124.0,1.0,1.0,2.0,CONTACTLESS_COMMUNICATION_ERROR,CUSTOMER_ENTERING_PIN,1659796255.0,11.0,15.0,284,647.0,2.0,641.0,285.0,663.0,71.0
1659795998.0,285,1659796294.0,752.0,894.0,667.0,C23_,DOMESTIC,DOMESTIC,WAHR,WITHDRAWAL_NATIONAL,CashOutEmv,2041.0,4271.0,3545.0,2858.0,285,3909.0,1.0,18683.0,10104.0,5386.0,NOK,269.0,0.0,553.0,107.0,99.0,128.0,52.0,2.0,222.0,164.0,1.0,0.0,0.0,0,WAITING_FOR_CARD,1659796500.0,16.0,2.0,285,494.0,3.0,359.0,394.0,245.0,68.0
1659796177.0,286,1659795964.0,1100.0,102.0,4735.0,___N,DOMESTIC,0,WAHR,0,CashOutEmv,13026.0,13071.0,19882.0,13747.0,286,2120.0,1.0,7663.0,14540.0,15209.0,NOK,48.0,1.0,287.0,333.0,138.0,57.0,7.0,0.0,524.0,246.0,1.0,0.0,1.0,CUSTOMER_CANCEL,WAITING_FOR_CARD,1659796500.0,15.0,12.0,286,172.0,21.0,780.0,828.0,366.0,72.0
1659796500.0,287,1659796121.0,1464.0,450.0,3131.0,___N,0,0,0,0,0,1379.0,6672.0,3902.0,10076.0,287,18195.0,1.0,5937.0,28061.0,18497.0,CNCL,44.0,0.0,208.0,200.0,24.0,37.0,67.0,2.0,515.0,48.0,0.0,0.0,0.0,CUSTOMER_CANCEL,CUSTOMER_SELECTING_TRANSACTION,1659796215.0,11.0,6.0,287,792.0,5.0,682.0,8.0,158.0,101.0
1659796183.0,288,1659796500.0,941.0,658.0,573.0,___N,DOMESTIC,0,WAHR,WITHDRAWAL_NATIONAL,0,9898.0,14932.0,6366.0,11462.0,288,916.0,1.0,9937.0,18579.0,16314.0,CNCL,126.0,0.0,975.0,179.0,139.0,73.0,7.0,0.0,254.0,265.0,1.0,1.0,1.0,0,WAITING_FOR_CARD,1659796500.0,14.0,17.0,288,779.0,7.0,662.0,746.0,234.0,122.0
1659796013.0,289,1659796299.0,2657.0,1042.0,1552.0,C23_,0,0,0,0,CashOutEmv,2248.0,10654.0,3072.0,10382.0,289,11710.0,1.0,6091.0,9977.0,17815.0,CNCL,514.0,0.0,571.0,279.0,62.0,80.0,69.0,16.0,578.0,100.0,1.0,0.0,0.0,CUSTOMER_CANCEL,CUSTOMER_SELECTING_TRANSACTION,1659796500.0,10.0,12.0,289,776.0,6.0,612.0,753.0,923.0,120.0
1659796500.0,290,1659796254.0,3371.0,1051.0,6594.0,___N,DOMESTIC,DOMESTIC,0,WITHDRAWAL_NATIONAL,0,3776.0,2502.0,10312.0,1890.0,290,19495.0,1.0,14269.0,14066.0,4170.0,CNCL,502.0,1.0,449.0,229.0,27.0,34.0,52.0,4.0,290.0,253.0,0.0,4.0,2.0,CUSTOMER_CANCEL,WAITING_FOR_CARD,1659796496.0,14.0,5.0,290,624.0,10.0,268.0,589.0,64.0,77.0
1659796500.0,291,1659796044.0,3231.0,1178.0,3106.0,C23_,0,0,0,WITHDRAWAL_NATIONAL,CashOutEmv,11016.0,15160.0,9893.0,6560.0,291,1948.0,0.0,25443.0,26955.0,6740.0,OK,425.0,1.0,744.0,60.0,61.0,27.0,39.0,4.0,177.0,192.0,0.0,4.0,2.0,CONTACTLESS_COMMUNICATION_ERROR,CUSTOMER_ENTERING_PIN,1659796500.0,13.0,8.0,291,872.0,29.0,700.0,587.0,237.0,94.0
1659796414.0,292,1659796500.0,1801.0,565.0,1070.0,C23_,DOMESTIC,0,WAHR,0,CashOutEmv,5617.0,13382.0,251.0,15461.0,292,17554.0,0.0,9292.0,24485.0,6456.0,NOK,180.0,1.0,92.0,334.0,87.0,26.0,42.0,4.0,133.0,137.0,0.0,0.0,2.0,CUSTOMER_CANCEL,WAITING_FOR_CARD,1659796500.0,6.0,1.0,292,191.0,14.0,710.0,194.0,178.0,95.0
1659796487.0,293,1659796500.0,3084.0,628.0,2066.0,___N,0,DOMESTIC,WAHR,WITHDRAWAL_NATIONAL,0,10273.0,7005.0,12932.0,10751.0,293,9099.0,0.0,25559.0,15459.0,14449.0,CNCL,598.0,1.0,453.0,80.0,93.0,5.0,60.0,0.0,492.0,246.0,0.0,1.0,0.0,CONTACTLESS_COMMUNICATION_ERROR,KIXCLC_READING_AND_CHECKING_CHIP_INFORMATION,1659796487.0,16.0,8.0,293,30.0,20.0,330.0,859.0,871.0,82.0
1659796500.0,294,1659796326.0,578.0,747.0,1573.0,C23_,0,0,0,0,0,6299.0,15191.0,18138.0,13116.0,294,3103.0,0.0,24620.0,2896.0,24332.0,CNCL,655.0,0.0,291.0,203.0,87.0,16.0,27.0,16.0,223.0,70.0,1.0,4.0,0.0,CONTACTLESS_COMMUNICATION_ERROR,KIXCLC_READING_AND_CHECKING_CHIP_INFORMATION,1659796500.0,13.0,9.0,294,145.0,21.0,596.0,465.0,964.0,89.0
1659796500.0,295,1659796370.0,2616.0,543.0,2347.0,___N,DOMESTIC,DOMESTIC,WAHR,WITHDRAWAL_NATIONAL,CashOutEmv,9571.0,3998.0,6496.0,11290.0,295,12012.0,1.0,8024.0,15715.0,22180.0,CNCL,590.0,1.0,359.0,103.0,75.0,90.0,62.0,2.0,310.0,239.0,1.0,1.0,1.0,0,CUSTOMER_ENTERING_PIN,1659796048.0,5.0,15.0,295,103.0,5.0,626.0,67.0,734.0,84.0
1659796337.0,296,1659796085.0,2637.0,1035.0,3494.0,C23_,0,0,WAHR,0,0,6833.0,7811.0,9173.0,12416.0,296,15777.0,0.0,24482.0,3842.0,7098.0,CNCL,593.0,0.0,677.0,26.0,48.0,143.0,29.0,0.0,141.0,230.0,1.0,4.0,1.0,CONTACTLESS_COMMUNICATION_ERROR,KIXCLC_READING_AND_CHECKING_CHIP_INFORMATION,1659796500.0,13.0,14.0,296,472.0,6.0,249.0,275.0,943.0,91.0
1659796500.0,297,1659796371.0,3298.0,533.0,5327.0,C23_,0,DOMESTIC,0,0,0,6464.0,9365.0,18733.0,12110.0,297,3550.0,0.0,25900.0,22647.0,26128.0,CNCL,656.0,0.0,193.0,330.0,114.0,69.0,21.0,16.0,144.0,126.0,1.0,4.0,2.0,CONTACTLESS_COMMUNICATION_ERROR,KIXCLC_READING_AND_CHECKING_CHIP_INFORMATION,1659796500.0,10.0,15.0,297,355.0,13.0,422.0,422.0,871.0,74.0
1659796123.0,298,1659796111.0,3505.0,294.0,1563.0,C23_,0,DOMESTIC,WAHR,0,0,7703.0,7104.0,13599.0,1916.0,298,806.0,0.0,25684.0,3955.0,20523.0,OK,557.0,1.0,526.0,339.0,103.0,129.0,21.0,16.0,165.0,113.0,0.0,1.0,1.0,CONTACTLESS_COMMUNICATION_ERROR,KIXCLC_READING_AND_CHECKING_CHIP_INFORMATION,1659796500.0,10.0,16.0,298,821.0,10.0,136.0,469.0,957.0,94.0
1659796500.0,299,1659796491.0,2116.0,676.0,6893.0,___N,0,DOMESTIC,WAHR,0,CashOutEmv,6182.0,16168.0,4137.0,6634.0,299,2793.0,0.0,23388.0,13290.0,20231.0,NOK,136.0,1.0,176.0,337.0,126.0,9.0,44.0,4.0,637.0,139.0,1.0,0.0,2.0,CUSTOMER_CANCEL,WAITING_FOR_CARD,1659796500.0,1.0,18.0,299,751.0,8.0,551.0,945.0,928.0,64.0
